,GDPC1,UNRATE,PCEPI,FEDFUNDS,T10Y2Y,SP500_Close,VIX_Close,gdp_growth,sp500_return,vix_change,log_GDPC1,trend_hp,cycle_hp,trend_uc,cycle_uc,resid_uc,pcepi_inflation,cycle_change,target_next_q,UNRATE_lag1,UNRATE_lag2,PCEPI_lag1,PCEPI_lag2,FEDFUNDS_lag1,FEDFUNDS_lag2,T10Y2Y_lag1,T10Y2Y_lag2,SP500_Close_lag1,SP500_Close_lag2,VIX_Close_lag1,VIX_Close_lag2,cycle_uc_lag1,cycle_uc_lag2,gdp_growth_lag1,gdp_growth_lag2,pcepi_inflation_lag1,pcepi_inflation_lag2,sp500_return_lag1,sp500_return_lag2,vix_change_lag1,vix_change_lag2,cycle_change_lag1,cycle_change_lag2,UNRATE_diff,FEDFUNDS_diff,T10Y2Y_diff,yield_curve_inversion,yield_curve_inversion_lag1,VIX_diff
1990-03-31,10047.386,5.3,58.799,8.25,0.05903225806451613,339.94000244140625,22.17460320487855,,,,9.215067780152992,9.19295037492856,0.022117405224431508,9.184489630705455,0.03056778761962356,1.0361827913668575e-05,,,0,,,,,,,,,,,,,,,,,,,,,,,,,,,,0,,
1990-06-30,10083.855,5.333333333333333,59.333,8.243333333333332,0.10301587301587302,358.0199890136719,18.722063443017383,0.0036297003021481533,0.05318581644530629,-0.15569792748767597,9.218690908989831,9.19872776058278,0.019963148407050824,9.191030626436373,0.027737565305578693,-7.728275211982272e-05,0.009081787105222894,-0.002830222314044867,0,5.3,,58.799,,8.25,,0.05903225806451613,,339.94000244140625,,22.17460320487855,,0.03056778761962356,,,,,,,,,,,,0.033333333333333215,-0.006666666666667709,0.043983614951356886,0,0.0,-3.4525397618611677
1990-09-30,10090.569,5.7,60.086666666666666,8.16,0.6025396825396826,306.04998779296875,25.195555535573806,0.0006658167932800385,-0.14515949616075352,0.34576808866496966,9.219356504225448,9.204518969615266,0.01483753461018189,9.202251808928198,0.01695519824490982,0.0001494970523408523,0.012702318552351377,-0.010782367060668874,0,5.333333333333333,5.3,59.333,58.799,8.243333333333332,8.25,0.10301587301587302,0.05903225806451613,358.0199890136719,339.94000244140625,18.722063443017383,22.17460320487855,0.027737565305578693,0.03056778761962356,0.0036297003021481533,,0.009081787105222894,,0.05318581644530629,,-0.15569792748767597,,-0.002830222314044867,,0.36666666666666714,-0.08333333333333215,0.4995238095238096,0,0.0,6.473492092556423
1990-12-31,9998.704,6.133333333333333,60.88133333333334,7.743333333333332,0.8001612903225807,330.2200012207031,26.113281428813934,-0.00910404556967992,0.07897407087656694,0.03642411821181657,9.210210763577377,9.210350302372039,-0.00013953879466122032,9.204420024786987,0.00577951591992102,1.12228704689174e-05,0.013225341173860095,-0.011175682324988799,0,5.7,5.333333333333333,60.086666666666666,59.333,8.16,8.243333333333332,0.6025396825396826,0.10301587301587302,306.04998779296875,358.0199890136719,25.195555535573806,18.722063443017383,0.01695519824490982,0.027737565305578693,0.0006658167932800385,0.0036297003021481533,0.012702318552351377,0.009081787105222894,-0.14515949616075352,0.05318581644530629,0.34576808866496966,-0.15569792748767597,-0.010782367060668874,-0.002830222314044867,0.4333333333333327,-0.41666666666666785,0.19762160778289806,0,0.0,0.917725893240128
1991-03-31,9951.916,6.6000000000000005,61.202,6.426666666666667,0.9871666666666666,375.2200012207031,22.49475413463155,-0.004679406451076118,0.13627278733465986,-0.1385703786039555,9.20552037442887,9.216257332658248,-0.010736958229378146,9.205909595951963,-0.0002994324512556629,-8.978907183773417e-05,0.005267076936554149,-0.006078948371176683,1,6.133333333333333,5.7,60.88133333333334,60.086666666666666,7.743333333333332,8.16,0.8001612903225807,0.6025396825396826,330.2200012207031,306.04998779296875,26.113281428813934,25.195555535573806,0.00577951591992102,0.01695519824490982,-0.00910404556967992,0.0006658167932800385,0.013225341173860095,0.012702318552351377,0.07897407087656694,-0.14515949616075352,0.03642411821181657,0.34576808866496966,-0.011175682324988799,-0.010782367060668874,0.4666666666666677,-1.3166666666666655,0.18700537634408598,0,0.0,-3.6185272941823854
1991-06-30,10029.51,6.833333333333333,61.536,5.863333333333333,1.23140625,371.1600036621094,17.147031262516975,0.007796890568610104,-0.010820312204534277,-0.23773199920783072,9.213287026322933,9.222275547067294,-0.00898852074436185,9.212839275897135,0.0004280179026943178,1.973252310304857e-05,0.005457337995490308,0.0007274503539499807,0,6.6000000000000005,6.133333333333333,61.202,60.88133333333334,6.426666666666667,7.743333333333332,0.9871666666666666,0.8001612903225807,375.2200012207031,330.2200012207031,22.49475413463155,26.113281428813934,-0.0002994324512556629,0.00577951591992102,-0.004679406451076118,-0.00910404556967992,0.005267076936554149,0.013225341173860095,0.13627278733465986,0.07897407087656694,-0.1385703786039555,0.03642411821181657,-0.006078948371176683,-0.011175682324988799,0.2333333333333325,-0.5633333333333335,0.2442395833333334,0,0.0,-5.3477228721145735
1991-09-30,10080.195,6.866666666666667,61.954,5.6433333333333335,1.42890625,387.8599853515625,16.634218722581863,0.005053586865160886,0.04499402285989884,-0.02990678281762449,9.218327886676338,9.228433721593676,-0.010105834917338186,9.21857825829521,-0.00025617961797134986,5.807999099369189e-06,0.0067927717108684504,-0.0006841975206656676,0,6.833333333333333,6.6000000000000005,61.536,61.202,5.863333333333333,6.426666666666667,1.23140625,0.9871666666666666,371.1600036621094,375.2200012207031,17.147031262516975,22.49475413463155,0.0004280179026943178,-0.0002994324512556629,0.007796890568610104,-0.004679406451076118,0.005457337995490308,0.005267076936554149,-0.010820312204534277,0.13627278733465986,-0.23773199920783072,-0.1385703786039555,0.0007274503539499807,-0.006078948371176683,0.0333333333333341,-0.21999999999999975,0.1975,0,0.0,-0.512812539935112
1991-12-31,10115.329,7.1000000000000005,62.40333333333333,4.816666666666666,1.8412903225806452,417.0899963378906,17.45531253516674,0.0034854484461859236,0.07536227528043038,0.04936172995430188,9.221807275024446,9.234755014406428,-0.012947739381981904,9.223970363833216,-0.0020848335974816877,-7.82552112878988e-05,0.007252692858142007,-0.0018286539795103378,1,6.866666666666667,6.833333333333333,61.954,61.536,5.6433333333333335,5.863333333333333,1.42890625,1.23140625,387.8599853515625,371.1600036621094,16.634218722581863,17.147031262516975,-0.00025617961797134986,0.0004280179026943178,0.005053586865160886,0.007796890568610104,0.0067927717108684504,0.005457337995490308,0.04499402285989884,-0.010820312204534277,-0.02990678281762449,-0.23773199920783072,-0.0006841975206656676,0.0007274503539499807,0.2333333333333334,-0.8266666666666671,0.41238407258064513,0,0.0,0.821093812584877
1992-03-31,10236.435,7.366666666666667,62.794666666666664,4.023333333333333,2.0130645161290324,403.69000244140625,17.56428571731325,0.011972522099874316,-0.032127344252171564,0.006242980864820558,9.233708693445871,9.241256267527765,-0.007547574081893771,9.234106115908784,-0.00039919396709370216,1.7715041815129663e-06,0.006271032530313692,0.0016856396303879856,1,7.1000000000000005,6.866666666666667,62.40333333333333,61.954,4.816666666666666,5.6433333333333335,1.8412903225806452,1.42890625,417.0899963378906,387.8599853515625,17.45531253516674,16.634218722581863,-0.0020848335974816877,-0.00025617961797134986,0.0034854484461859236,0.005053586865160886,0.007252692858142007,0.0067927717108684504,0.07536227528043038,0.04499402285989884,0.04936172995430188,-0.02990678281762449,-0.0018286539795103378,-0.0006841975206656676,0.2666666666666666,-0.793333333333333,0.1717741935483872,0,0.0,0.10897318214651008
1992-06-30,10347.429,7.6000000000000005,63.21233333333333,3.7699999999999996,2.172857142857143,408.1400146484375,15.61634914458744,0.010843032755055937,0.01102334013752837,-0.11090326154315022,9.244493362038583,9.247946230642794,-0.0034528686042119006,9.244138759112515,0.0003443957992638726,1.0207126804053618e-05,0.006651307966706321,0.0007435897663575747,0,7.366666666666667,7.1000000000000005,62.794666666666664,62.40333333333333,4.023333333333333,4.816666666666666,2.0130645161290324,1.8412903225806452,403.69000244140625,417.0899963378906,17.56428571731325,17.45531253516674,-0.00039919396709370216,-0.0020848335974816877,0.011972522099874316,0.0034854484461859236,0.006271032530313692,0.007252692858142007,-0.032127344252171564,0.07536227528043038,0.006242980864820558,0.04936172995430188,0.0016856396303879856,-0.0018286539795103378,0.2333333333333334,-0.25333333333333385,0.15979262672811068,0,0.0,-1.9479365727258102
1992-09-30,10449.673,7.633333333333333,63.61533333333333,3.2566666666666664,2.46796875,417.79998779296875,13.902031227946281,0.009881101865980568,0.023668282446777766,-0.10977712529149841,9.254325965037328,9.254828936202816,-0.000502971165488475,9.2535560456179,0.0007635554472318561,6.363972195866461e-06,0.0063753381460369685,0.0004191596479679835,1,7.6000000000000005,7.366666666666667,63.21233333333333,62.794666666666664,3.7699999999999996,4.023333333333333,2.172857142857143,2.0130645161290324,408.1400146484375,403.69000244140625,15.61634914458744,17.56428571731325,0.0003443957992638726,-0.00039919396709370216,0.010843032755055937,0.011972522099874316,0.006651307966706321,0.006271032530313692,0.01102334013752837,-0.032127344252171564,-0.11090326154315022,0.006242980864820558,0.0007435897663575747,0.0016856396303879856,0.03333333333333233,-0.5133333333333332,0.2951116071428568,0,0.0,-1.7143179166411588
1992-12-31,10558.648,7.366666666666667,64.05933333333333,3.0366666666666666,2.295645161290323,435.7099914550781,14.761093765497208,0.010428555994048683,0.04286741068787259,0.06179403020071006,9.264700518760643,9.261906258616253,0.0027942601443893267,9.262589470408315,0.002031871892728367,7.917645959930417e-05,0.006979449398991866,0.001268316445496511,0,7.633333333333333,7.6000000000000005,63.61533333333333,63.21233333333333,3.2566666666666664,3.7699999999999996,2.46796875,2.172857142857143,417.79998779296875,408.1400146484375,13.902031227946281,15.61634914458744,0.0007635554472318561,0.0003443957992638726,0.009881101865980568,0.010843032755055937,0.0063753381460369685,0.006651307966706321,0.023668282446777766,0.01102334013752837,-0.10977712529149841,-0.11090326154315022,0.0004191596479679835,0.0007435897663575747,-0.2666666666666657,-0.21999999999999975,-0.172323588709677,0,0.0,0.8590625375509262
1993-03-31,10576.275,7.133333333333333,64.44066666666667,3.0399999999999996,2.1250819672131147,451.6700134277344,13.255322533269082,0.0016694372234020705,0.036629919638420105,-0.1020094619104539,9.266368564022704,9.269179757934554,-0.0028111939118495854,9.266829652903867,-0.0004303148043546598,-3.0774076808703075e-05,0.005952814578151777,-0.002462186697083027,0,7.366666666666667,7.633333333333333,64.05933333333333,63.61533333333333,3.0366666666666666,3.2566666666666664,2.295645161290323,2.46796875,435.7099914550781,417.79998779296875,14.761093765497208,13.902031227946281,0.002031871892728367,0.0007635554472318561,0.010428555994048683,0.009881101865980568,0.006979449398991866,0.0063753381460369685,0.04286741068787259,0.023668282446777766,0.06179403020071006,-0.10977712529149841,0.001268316445496511,0.0004191596479679835,-0.23333333333333428,0.0033333333333329662,-0.1705631940772081,0,0.0,-1.5057712322281258
1993-06-30,10637.847,7.066666666666666,64.87366666666667,3.0,1.9923809523809524,450.5299987792969,12.973174624972874,0.0058217094392873925,-0.0025239989694819664,-0.021285631306824482,9.272173392796129,9.27665274062176,-0.004479347825631308,9.272935075369464,-0.0007584298291349798,-3.2527442004406677e-06,0.006719359410723991,-0.00032811502478031997,0,7.133333333333333,7.366666666666667,64.44066666666667,64.05933333333333,3.0399999999999996,3.0366666666666666,2.1250819672131147,2.295645161290323,451.6700134277344,435.7099914550781,13.255322533269082,14.761093765497208,-0.0004303148043546598,0.002031871892728367,0.0016694372234020705,0.010428555994048683,0.005952814578151777,0.006979449398991866,0.036629919638420105,0.04286741068787259,-0.1020094619104539,0.06179403020071006,-0.002462186697083027,0.001268316445496511,-0.06666666666666643,-0.03999999999999959,-0.13270101483216235,0,0.0,-0.28214790829620817
1993-09-30,10688.606,6.8,65.15566666666666,3.06,1.64140625,458.92999267578125,12.117187470197678,0.00477154822775705,0.01864469384778822,-0.06598131756643844,9.27693359327089,9.28432675614572,-0.0073931628748304945,9.27924005360402,-0.002224641801287959,-8.181853184268534e-05,0.004346910148442351,-0.0014662119721529792,1,7.066666666666666,7.133333333333333,64.87366666666667,64.44066666666667,3.0,3.0399999999999996,1.9923809523809524,2.1250819672131147,450.5299987792969,451.6700134277344,12.973174624972874,13.255322533269082,-0.0007584298291349798,-0.0004303148043546598,0.0058217094392873925,0.0016694372234020705,0.006719359410723991,0.005952814578151777,-0.0025239989694819664,0.036629919638420105,-0.021285631306824482,-0.1020094619104539,-0.00032811502478031997,-0.002462186697083027,-0.2666666666666666,0.06000000000000005,-0.3509747023809524,0,0.0,-0.855987154775196
1993-12-31,10833.987,6.633333333333333,65.53066666666666,2.99,1.530967741935484,466.45001220703125,12.421562477946281,0.01360149302911906,0.0163859840308207,0.025119278586488436,9.290443416290966,9.29220055438189,-0.0017571380909249257,9.290501795036157,-8.097510949596213e-05,2.2596364305083088e-05,0.005755447211038156,0.0021436666917919968,0,6.8,7.066666666666666,65.15566666666666,64.87366666666667,3.06,3.0,1.64140625,1.9923809523809524,458.92999267578125,450.5299987792969,12.117187470197678,12.973174624972874,-0.002224641801287959,-0.0007584298291349798,0.00477154822775705,0.0058217094392873925,0.004346910148442351,0.006719359410723991,0.01864469384778822,-0.0025239989694819664,-0.06598131756643844,-0.021285631306824482,-0.0014662119721529792,-0.00032811502478031997,-0.16666666666666696,-0.06999999999999984,-0.11043850806451605,0,0.0,0.3043750077486038
1994-03-31,10939.116,6.566666666666666,65.76566666666666,3.2133333333333334,1.5306451612903227,445.7699890136719,13.436190468924385,0.00970362988251705,-0.044334918323853834,0.08168279898599828,9.300100268323554,9.30026826447894,-0.00016799615538509727,9.300396380758649,-0.00026943861593407636,-2.6673819160565667e-05,0.0035861072678440298,-0.00018846350643811422,1,6.633333333333333,6.8,65.53066666666666,65.15566666666666,2.99,3.06,1.530967741935484,1.64140625,466.45001220703125,458.92999267578125,12.421562477946281,12.117187470197678,-8.097510949596213e-05,-0.002224641801287959,0.01360149302911906,0.00477154822775705,0.005755447211038156,0.004346910148442351,0.0163859840308207,0.01864469384778822,0.025119278586488436,-0.06598131756643844,0.0021436666917919968,-0.0014662119721529792,-0.06666666666666643,0.22333333333333316,-0.000322580645161219,0,0.0,1.014627990978104
1994-06-30,11087.361,6.2,66.13266666666668,3.94,1.262741935483871,444.2699890136719,14.512580640854374,0.013551826308451309,-0.0033649640778172785,0.08011126177613326,9.31356108989889,9.308522917374225,0.005038172524665541,9.31190541561134,0.0015888006709262326,6.687361662352509e-05,0.005580419367755551,0.001858239286860309,0,6.566666666666666,6.633333333333333,65.76566666666666,65.53066666666666,3.2133333333333334,2.99,1.5306451612903227,1.530967741935484,445.7699890136719,466.45001220703125,13.436190468924385,12.421562477946281,-0.00026943861593407636,-8.097510949596213e-05,0.00970362988251705,0.01360149302911906,0.0035861072678440298,0.005755447211038156,-0.044334918323853834,0.0163859840308207,0.08168279898599828,0.025119278586488436,-0.00018846350643811422,0.0021436666917919968,-0.36666666666666625,0.7266666666666666,-0.26790322580645176,0,0.0,1.0763901719299884
1994-09-30,11152.176,6.0,66.60766666666666,4.486666666666667,1.0948437500000001,462.7099914550781,12.516249999403954,0.005845845553328566,0.04150629774103143,-0.13755862522689788,9.319389914798297,9.316957439007513,0.0024324757907834282,9.319362814417522,6.0497806282855924e-05,-3.339742550783118e-05,0.007182532081976278,-0.0015283028646433767,1,6.2,6.566666666666666,66.13266666666668,65.76566666666666,3.94,3.2133333333333334,1.262741935483871,1.5306451612903227,444.2699890136719,445.7699890136719,14.512580640854374,13.436190468924385,0.0015888006709262326,-0.00026943861593407636,0.013551826308451309,0.00970362988251705,0.005580419367755551,0.0035861072678440298,-0.0033649640778172785,-0.044334918323853834,0.08011126177613326,0.08168279898599828,0.001858239286860309,-0.00018846350643811422,-0.20000000000000018,0.5466666666666673,-0.1678981854838708,0,0.0,-1.9963306414504203
1994-12-31,11279.932,5.633333333333333,66.92,5.166666666666667,0.6745901639344262,459.2699890136719,15.268730118161155,0.011455701559946796,-0.0074344676037544355,0.2199125232308623,9.330780496665085,9.325567904176399,0.005212592488685885,9.328839304807692,0.0018693765939688475,7.181526342376265e-05,0.004689149897659561,0.0018088787876859916,0,6.0,6.2,66.60766666666666,66.13266666666668,4.486666666666667,3.94,1.0948437500000001,1.262741935483871,462.7099914550781,444.2699890136719,12.516249999403954,14.512580640854374,6.0497806282855924e-05,0.0015888006709262326,0.005845845553328566,0.013551826308451309,0.007182532081976278,0.005580419367755551,0.04150629774103143,-0.0033649640778172785,-0.13755862522689788,0.08011126177613326,-0.0015283028646433767,0.001858239286860309,-0.36666666666666714,0.6799999999999997,-0.42025358606557395,0,0.0,2.7524801187572017
1995-03-31,11319.951,5.466666666666666,67.24766666666666,5.81,0.35677419354838713,500.7099914550781,11.992380944509355,0.003547805075420518,0.09023015531757861,-0.21457902185033695,9.334322023125898,9.334351907975847,-2.9884849949368686e-05,9.333963615750454,0.00035051438090776536,7.892994536137863e-06,0.004896393703925028,-0.0015188622130610822,0,5.633333333333333,6.0,66.92,66.60766666666666,5.166666666666667,4.486666666666667,0.6745901639344262,1.0948437500000001,459.2699890136719,462.7099914550781,15.268730118161155,12.516249999403954,0.0018693765939688475,6.0497806282855924e-05,0.011455701559946796,0.005845845553328566,0.004689149897659561,0.007182532081976278,-0.0074344676037544355,0.04150629774103143,0.2199125232308623,-0.13755862522689788,0.0018088787876859916,-0.0015283028646433767,-0.16666666666666696,0.6433333333333326,-0.31781597038603904,0,0.0,-3.2763491736518002
1995-06-30,11353.721,5.666666666666667,67.63833333333334,6.02,0.46841269841269845,544.75,12.190317471822103,0.00298322846097121,0.08795512231928959,0.016505190106004042,9.337300810590987,9.343310303371126,-0.00600949278013907,9.338606996124206,-0.0012565038450899546,-4.968168812864108e-05,0.00580937132886894,-0.0016070182259977199,1,5.466666666666666,5.633333333333333,67.24766666666666,66.92,5.81,5.166666666666667,0.35677419354838713,0.6745901639344262,500.7099914550781,459.2699890136719,11.992380944509355,15.268730118161155,0.00035051438090776536,0.0018693765939688475,0.003547805075420518,0.011455701559946796,0.004896393703925028,0.004689149897659561,0.09023015531757861,-0.0074344676037544355,-0.21457902185033695,0.2199125232308623,-0.0015188622130610822,0.0018088787876859916,0.20000000000000107,0.20999999999999996,0.11163850486431132,0,0.0,0.19793652731274847
1995-09-30,11450.31,5.666666666666667,67.915,5.796666666666667,0.46761904761904766,584.4099731445312,12.472698453872923,0.008507255022384363,0.07280398925108988,0.02316436653135101,9.345772082851694,9.352443924649478,-0.006671841797784239,9.346256638093926,-0.0004888795920820075,4.324349849220443e-06,0.004090382672547577,0.0007676242530079471,0,5.666666666666667,5.466666666666666,67.63833333333334,67.24766666666666,6.02,5.81,0.46841269841269845,0.35677419354838713,544.75,500.7099914550781,12.190317471822103,11.992380944509355,-0.0012565038450899546,0.00035051438090776536,0.00298322846097121,0.003547805075420518,0.00580937132886894,0.004896393703925028,0.08795512231928959,0.09023015531757861,0.016505190106004042,-0.21457902185033695,-0.0016070182259977199,-0.0015188622130610822,0.0,-0.22333333333333272,-0.0007936507936507908,0,0.0,0.2823809820508192
1995-12-31,11528.067,5.566666666666666,68.21333333333332,5.72,0.3954838709677419,615.9299926757812,12.89968248397585,0.006790820510536255,0.05393477349753373,0.034233492590397985,9.352539949598624,9.36174985016516,-0.009209900566535367,9.353642524320831,-0.0010845653289088615,-1.800939329823321e-05,0.00439274583425342,-0.0005956857368268541,0,5.666666666666667,5.666666666666667,67.915,67.63833333333334,5.796666666666667,6.02,0.46761904761904766,0.46841269841269845,584.4099731445312,544.75,12.472698453872923,12.190317471822103,-0.0004888795920820075,-0.0012565038450899546,0.008507255022384363,0.00298322846097121,0.004090382672547577,0.00580937132886894,0.07280398925108988,0.08795512231928959,0.02316436653135101,0.016505190106004042,0.0007676242530079471,-0.0016070182259977199,-0.10000000000000053,-0.0766666666666671,-0.07213517665130575,0,0.0,0.4269840301029273
1996-03-31,11614.418,5.533333333333334,68.593,5.363333333333333,0.6403225806451613,645.5,15.398253804161435,0.007490501226268043,0.048008714749801173,0.19369246671686247,9.360002536329624,9.371220988371297,-0.011218452041672933,9.36211673471672,-0.002032701392885023,-8.149699421078826e-05,0.005565871774824371,-0.0009481360639761616,1,5.566666666666666,5.666666666666667,68.21333333333332,67.915,5.72,5.796666666666667,0.3954838709677419,0.46761904761904766,615.9299926757812,584.4099731445312,12.89968248397585,12.472698453872923,-0.0010845653289088615,-0.0004888795920820075,0.006790820510536255,0.008507255022384363,0.00439274583425342,0.004090382672547577,0.05393477349753373,0.07280398925108988,0.034233492590397985,0.02316436653135101,-0.0005956857368268541,0.0007676242530079471,-0.03333333333333233,-0.35666666666666647,0.24483870967741944,0,0.0,2.498571320185585
1996-06-30,11808.14,5.5,69.052,5.243333333333333,0.60328125,670.6300048828125,16.368254010639493,0.016679441018912833,0.03893106875726171,0.062994169261966,9.376544403138531,9.38084449153317,-0.004300088394638024,9.375522409016238,0.0009631037085904279,5.889041370310685e-05,0.0066916449200356,0.002995805101475451,0,5.533333333333334,5.566666666666666,68.593,68.21333333333332,5.363333333333333,5.72,0.6403225806451613,0.3954838709677419,645.5,615.9299926757812,15.398253804161435,12.89968248397585,-0.002032701392885023,-0.0010845653289088615,0.007490501226268043,0.006790820510536255,0.005565871774824371,0.00439274583425342,0.048008714749801173,0.05393477349753373,0.19369246671686247,0.034233492590397985,-0.0009481360639761616,-0.0005956857368268541,-0.0333333333333341,-0.1200000000000001,-0.03704133064516135,0,0.0,0.9700002064780584
1996-09-30,11914.063,5.266666666666667,69.34633333333333,5.306666666666667,0.6,687.3300170898438,16.778437554836273,0.008970337411311258,0.024901975881543637,0.02505970056000817,9.385474746071244,9.39060050038353,-0.005125754312285125,9.385356533545636,0.00012512298029054668,-6.910454682261134e-06,0.004262488173164103,-0.0008379807282998812,0,5.5,5.533333333333334,69.052,68.593,5.243333333333333,5.363333333333333,0.60328125,0.6403225806451613,670.6300048828125,645.5,16.368254010639493,15.398253804161435,0.0009631037085904279,-0.002032701392885023,0.016679441018912833,0.007490501226268043,0.0066916449200356,0.005565871774824371,0.03893106875726171,0.048008714749801173,0.062994169261966,0.19369246671686247,0.002995805101475451,-0.0009481360639761616,-0.2333333333333334,0.06333333333333346,-0.0032812500000000133,0,0.0,0.41018354419678005
1996-12-31,12037.775,5.333333333333333,69.81866666666667,5.28,0.550483870967742,740.739990234375,17.206249967217445,0.010383695301930063,0.07770644641808189,0.025497750370555794,9.395804901120613,9.40046646809988,-0.004661566979267562,9.395601573349479,0.00017729325642743107,2.6034514706312268e-05,0.006811222895707125,5.217027613688439e-05,0,5.266666666666667,5.5,69.34633333333333,69.052,5.306666666666667,5.243333333333333,0.6,0.60328125,687.3300170898438,670.6300048828125,16.778437554836273,16.368254010639493,0.00012512298029054668,0.0009631037085904279,0.008970337411311258,0.016679441018912833,0.004262488173164103,0.0066916449200356,0.024901975881543637,0.03893106875726171,0.02505970056000817,0.062994169261966,-0.0008379807282998812,0.002995805101475451,0.06666666666666643,-0.026666666666666394,-0.049516129032257994,0,0.0,0.4278124123811722
1997-03-31,12115.472,5.233333333333333,70.127,5.276666666666666,0.5223333333333333,757.1199951171875,19.909180187788166,0.0064544319859773935,0.022113028996355144,0.15709002401572292,9.402238592458689,9.410416644263279,-0.00817805180458997,9.404261248095622,-0.0019361464490517664,-8.650918788161285e-05,0.0044162019708196,-0.0021134397054791976,1,5.333333333333333,5.266666666666667,69.81866666666667,69.34633333333333,5.28,5.306666666666667,0.550483870967742,0.6,740.739990234375,687.3300170898438,17.206249967217445,16.778437554836273,0.00017729325642743107,0.00012512298029054668,0.010383695301930063,0.008970337411311258,0.006811222895707125,0.004262488173164103,0.07770644641808189,0.024901975881543637,0.025497750370555794,0.02505970056000817,5.217027613688439e-05,-0.0008379807282998812,-0.09999999999999964,-0.0033333333333338544,-0.028150537634408668,0,0.0,2.702930220570721
1997-06-30,12317.221,5.0,70.30266666666667,5.523333333333333,0.42375,885.1400146484375,19.922968864440918,0.01665217830555843,0.16908815030229785,0.0006925788265861321,9.418753643461363,9.420422364975424,-0.0016687215140613887,9.418148664492165,0.0005726117946599504,3.236717453824957e-05,0.0025049790617974743,0.002508758243711717,1,5.233333333333333,5.333333333333333,70.127,69.81866666666667,5.276666666666666,5.28,0.5223333333333333,0.550483870967742,757.1199951171875,740.739990234375,19.909180187788166,17.206249967217445,-0.0019361464490517664,0.00017729325642743107,0.0064544319859773935,0.010383695301930063,0.0044162019708196,0.006811222895707125,0.022113028996355144,0.07770644641808189,0.15709002401572292,0.025497750370555794,-0.0021134397054791976,5.217027613688439e-05,-0.2333333333333334,0.24666666666666703,-0.0985833333333333,0,0.0,0.01378867665275152
1997-09-30,12471.01,4.866666666666667,70.488,5.533333333333334,0.3384375,947.280029296875,22.444999992847443,0.012485689750959317,0.07020359900136075,0.12658912160967728,9.431162029780742,9.43044985505564,0.0007121747251019883,9.430062910922267,0.001061718171305735,3.740068716928842e-05,0.0026362205321750487,0.0004891063766457846,0,5.0,5.233333333333333,70.30266666666667,70.127,5.523333333333333,5.276666666666666,0.42375,0.5223333333333333,885.1400146484375,757.1199951171875,19.922968864440918,19.909180187788166,0.0005726117946599504,-0.0019361464490517664,0.01665217830555843,0.0064544319859773935,0.0025049790617974743,0.0044162019708196,0.16908815030229785,0.022113028996355144,0.0006925788265861321,0.15709002401572292,0.002508758243711717,-0.0021134397054791976,-0.13333333333333286,0.010000000000000675,-0.08531250000000001,0,0.0,2.5220311284065247
1997-12-31,12577.495,4.666666666666667,70.70966666666666,5.506666666666667,0.1717741935483871,970.4299926757812,27.12140640616417,0.008538602727445443,0.024438352612679237,0.20834958408585247,9.439664384830113,9.440464296372305,-0.0007999115421917224,9.439696685423588,-2.2792673865487006e-05,-9.507919609100907e-06,0.0031447433132825164,-0.001084510845171222,0,4.866666666666667,5.0,70.488,70.30266666666667,5.533333333333334,5.523333333333333,0.3384375,0.42375,947.280029296875,885.1400146484375,22.444999992847443,19.922968864440918,0.001061718171305735,0.0005726117946599504,0.012485689750959317,0.01665217830555843,0.0026362205321750487,0.0025049790617974743,0.07020359900136075,0.16908815030229785,0.12658912160967728,0.0006925788265861321,0.0004891063766457846,0.002508758243711717,-0.20000000000000018,-0.026666666666667282,-0.1666633064516129,0,0.0,4.676406413316727
1998-03-31,12703.742,4.633333333333333,70.71499999999999,5.52,0.14131147540983607,1101.75,21.32459012015921,0.010037531320823412,0.1353214640060001,-0.21373582915255662,9.449651874716464,9.450431315902998,-0.0007794411865340578,9.449888706590833,-0.00023843286128540293,1.6009869158887862e-06,7.542580222397177e-05,-0.00021564018741991592,0,4.666666666666667,4.866666666666667,70.70966666666666,70.488,5.506666666666667,5.533333333333334,0.1717741935483871,0.3384375,970.4299926757812,947.280029296875,27.12140640616417,22.444999992847443,-2.2792673865487006e-05,0.001061718171305735,0.008538602727445443,0.012485689750959317,0.0031447433132825164,0.0026362205321750487,0.024438352612679237,0.07020359900136075,0.20834958408585247,0.12658912160967728,-0.001084510845171222,0.0004891063766457846,-0.0333333333333341,0.013333333333332753,-0.03046271813855103,0,0.0,-5.796816286004958
1998-06-30,12821.339,4.3999999999999995,70.84266666666666,5.5,0.03492063492063492,1133.8399658203125,21.534285651312935,0.009256878799962953,0.02912635881126624,0.009833508169307725,9.458866171198386,9.46031604068058,-0.001449869482193833,9.459964741706417,-0.0010646798893715584,-3.3890618659302135e-05,0.00180536896933714,-0.0008262470280861555,0,4.633333333333333,4.666666666666667,70.71499999999999,70.70966666666666,5.52,5.506666666666667,0.14131147540983607,0.1717741935483871,1101.75,970.4299926757812,21.32459012015921,27.12140640616417,-0.00023843286128540293,-2.2792673865487006e-05,0.010037531320823412,0.008538602727445443,7.542580222397177e-05,0.0031447433132825164,0.1353214640060001,0.024438352612679237,-0.21373582915255662,0.20834958408585247,-0.00021564018741991592,-0.001084510845171222,-0.2333333333333334,-0.019999999999999574,-0.10639084048920115,0,0.0,0.20969553115372364
1998-09-30,12982.752,4.533333333333333,71.06166666666667,5.533333333333334,0.07125000000000001,1017.010009765625,29.75171872973442,0.01258940271371034,-0.10303919386909521,0.38159766297706166,9.471376986275322,9.470083110587169,0.001293875688153534,9.472072016714884,-0.0006652563312551565,-2.977410830715989e-05,0.003091357374087389,0.00039942355811640193,1,4.3999999999999995,4.633333333333333,70.84266666666666,70.71499999999999,5.5,5.52,0.03492063492063492,0.14131147540983607,1133.8399658203125,1101.75,21.534285651312935,21.32459012015921,-0.0010646798893715584,-0.00023843286128540293,0.009256878799962953,0.010037531320823412,0.00180536896933714,7.542580222397177e-05,0.02912635881126624,0.1353214640060001,0.009833508169307725,-0.21373582915255662,-0.0008262470280861555,-0.00021564018741991592,0.13333333333333375,0.0333333333333341,0.036329365079365086,0,0.0,8.217433078421486
1998-12-31,13191.67,4.433333333333334,71.24900000000001,4.86,0.2856451612903226,1229.22998046875,29.537187546491623,0.01609196570958149,0.2086704837369615,-0.007210715629292097,9.487340848765847,9.479696259336468,0.007644589429379067,9.485958607078675,0.001324951839926718,5.728984724444157e-05,0.0026362079883670564,0.0019902081711818745,0,4.533333333333333,4.3999999999999995,71.06166666666667,70.84266666666666,5.533333333333334,5.5,0.07125000000000001,0.03492063492063492,1017.010009765625,1133.8399658203125,29.75171872973442,21.534285651312935,-0.0006652563312551565,-0.0010646798893715584,0.01258940271371034,0.009256878799962953,0.003091357374087389,0.00180536896933714,-0.10303919386909521,0.02912635881126624,0.38159766297706166,0.009833508169307725,0.00039942355811640193,-0.0008262470280861555,-0.09999999999999964,-0.6733333333333338,0.21439516129032257,0,0.0,-0.21453118324279785
1999-03-31,13315.597,4.3,71.38933333333334,4.733333333333333,0.13918032786885245,1286.3699951171875,27.252786949032643,0.009394337487217186,0.04648439718875719,-0.07733981422108405,9.496691333893294,9.489120029314478,0.0075713045788159405,9.496349610689203,0.00033129097430440645,1.0432229786575887e-05,0.0019696182870403423,-0.0009936608656223116,0,4.433333333333334,4.533333333333333,71.24900000000001,71.06166666666667,4.86,5.533333333333334,0.2856451612903226,0.07125000000000001,1229.22998046875,1017.010009765625,29.537187546491623,29.75171872973442,0.001324951839926718,-0.0006652563312551565,0.01609196570958149,0.01258940271371034,0.0026362079883670564,0.003091357374087389,0.2086704837369615,-0.10303919386909521,-0.007210715629292097,0.38159766297706166,0.0019902081711818745,0.00039942355811640193,-0.13333333333333375,-0.12666666666666693,-0.14646483342147013,0,0.0,-2.28440059745898
1999-06-30,13426.748,4.266666666666667,71.79566666666666,4.746666666666667,0.25703125,1372.7099609375,24.395555647592698,0.008347428958686454,0.06711907627513258,-0.1048418023001998,9.505004115742864,9.498323740775593,0.006680374967270808,9.50608019756756,-0.0010328499487472255,-4.323187594853714e-05,0.005691793358484798,-0.0013641409230516319,1,4.3,4.433333333333334,71.38933333333334,71.24900000000001,4.733333333333333,4.86,0.13918032786885245,0.2856451612903226,1286.3699951171875,1229.22998046875,27.252786949032643,29.537187546491623,0.00033129097430440645,0.001324951839926718,0.009394337487217186,0.01609196570958149,0.0019696182870403423,0.0026362079883670564,0.04648439718875719,0.2086704837369615,-0.07733981422108405,-0.007210715629292097,-0.0009936608656223116,0.0019902081711818745,-0.033333333333333215,0.013333333333333641,0.11785092213114753,0,0.0,-2.8572313014399455
1999-09-30,13604.771,4.233333333333333,72.19066666666667,5.093333333333334,0.250625,1282.7099609375,23.32062491774559,0.013258832295057754,-0.06556374074719618,-0.044062563910208796,9.518175819028645,9.507281446039567,0.01089437298907825,9.51839797055726,-0.00020043668349168829,-2.1714845122800994e-05,0.005501724802332797,0.0008324132652555372,1,4.266666666666667,4.3,71.79566666666666,71.38933333333334,4.746666666666667,4.733333333333333,0.25703125,0.13918032786885245,1372.7099609375,1286.3699951171875,24.395555647592698,27.252786949032643,-0.0010328499487472255,0.00033129097430440645,0.008347428958686454,0.009394337487217186,0.005691793358484798,0.0019696182870403423,0.06711907627513258,0.04648439718875719,-0.1048418023001998,-0.07733981422108405,-0.0013641409230516319,-0.0009936608656223116,-0.033333333333333215,0.3466666666666667,-0.006406250000000002,0,0.0,-1.0749307298471074
1999-12-31,13827.98,4.066666666666666,72.62866666666666,5.306666666666667,0.19661290322580643,1469.25,22.658281236886978,0.016406670865683814,0.1454265147564322,-0.028401626594260265,9.534449354699712,9.51597137266051,0.018477982039200924,9.531997327752505,0.0023449672469947973,0.00010705970021223374,0.00606726631328125,0.0025454039304864855,0,4.233333333333333,4.266666666666667,72.19066666666667,71.79566666666666,5.093333333333334,4.746666666666667,0.250625,0.25703125,1282.7099609375,1372.7099609375,23.32062491774559,24.395555647592698,-0.00020043668349168829,-0.0010328499487472255,0.013258832295057754,0.008347428958686454,0.005501724802332797,0.005691793358484798,-0.06556374074719618,0.06711907627513258,-0.044062563910208796,-0.1048418023001998,0.0008324132652555372,-0.0013641409230516319,-0.16666666666666696,0.21333333333333293,-0.05401209677419355,0,0.0,-0.6623436808586121
2000-03-31,13878.147,4.033333333333333,73.219,5.676666666666667,-0.05793650793650793,1498.5799560546875,23.150317449418324,0.0036279340872638066,0.019962536024970223,0.02171551351963652,9.538070723707763,9.524378557175657,0.013692166532106143,9.539078107918543,-0.0009071080759166866,-0.00010027613486337356,0.008128103687249366,-0.003252075322911484,1,4.066666666666666,4.233333333333333,72.62866666666666,72.19066666666667,5.306666666666667,5.093333333333334,0.19661290322580643,0.250625,1469.25,1282.7099609375,22.658281236886978,23.32062491774559,0.0023449672469947973,-0.00020043668349168829,0.016406670865683814,0.013258832295057754,0.00606726631328125,0.005501724802332797,0.1454265147564322,-0.06556374074719618,-0.028401626594260265,-0.044062563910208796,0.0025454039304864855,0.0008324132652555372,-0.033333333333333215,0.3700000000000001,-0.2545494111623144,1,0.0,0.492036212531346
2000-06-30,14130.908,3.9333333333333336,73.56766666666667,6.273333333333333,-0.3877777777777778,1454.5999755859375,24.9239683302622,0.01821287813135264,-0.02934777039493852,0.07661453821180486,9.556119734052743,9.532499584861018,0.02362014919172495,9.552193259945675,0.0037745327923855722,0.00015194131468257302,0.004761969798367627,0.004681640868302259,0,4.033333333333333,4.066666666666666,73.219,72.62866666666666,5.676666666666667,5.306666666666667,-0.05793650793650793,0.19661290322580643,1498.5799560546875,1469.25,23.150317449418324,22.658281236886978,-0.0009071080759166866,0.0023449672469947973,0.0036279340872638066,0.016406670865683814,0.008128103687249366,0.00606726631328125,0.019962536024970223,0.1454265147564322,0.02171551351963652,-0.028401626594260265,-0.003252075322911484,0.0025454039304864855,-0.09999999999999964,0.5966666666666667,-0.3298412698412698,1,1.0,1.7736508808438742
2000-09-30,14145.312,4.0,74.04166666666667,6.52,-0.3271428571428571,1436.510009765625,19.169047673543293,0.0010193258635609048,-0.012436385345754974,-0.2308990518869899,9.55713854075646,9.540339598596688,0.016798942159772068,9.556069046958969,0.0010861463284042579,-1.665253091315223e-05,0.006443047896947496,-0.0026883864639813144,1,3.9333333333333336,4.033333333333333,73.56766666666667,73.219,6.273333333333333,5.676666666666667,-0.3877777777777778,-0.05793650793650793,1454.5999755859375,1498.5799560546875,24.9239683302622,23.150317449418324,0.0037745327923855722,-0.0009071080759166866,0.01821287813135264,0.0036279340872638066,0.004761969798367627,0.008128103687249366,-0.02934777039493852,0.019962536024970223,0.07661453821180486,0.02171551351963652,0.004681640868302259,-0.003252075322911484,0.06666666666666643,0.24666666666666615,0.06063492063492065,1,1.0,-5.754920656718905
2000-12-31,14229.765,3.9,74.46033333333332,6.473333333333334,-0.14838709677419357,1320.280029296875,26.016666624281143,0.005970387927816567,-0.08091136134005328,0.35722269918441407,9.56309117654135,9.547918503856003,0.015172672685347166,9.560914470925887,0.0020939157657801294,8.278984968321853e-05,0.005654473832301443,0.0010077694373758716,0,4.0,3.9333333333333336,74.04166666666667,73.56766666666667,6.52,6.273333333333333,-0.3271428571428571,-0.3877777777777778,1436.510009765625,1454.5999755859375,19.169047673543293,24.9239683302622,0.0010861463284042579,0.0037745327923855722,0.0010193258635609048,0.01821287813135264,0.006443047896947496,0.004761969798367627,-0.012436385345754974,-0.02934777039493852,-0.2308990518869899,0.07661453821180486,-0.0026883864639813144,0.004681640868302259,-0.10000000000000009,-0.04666666666666597,0.17875576036866356,1,1.0,6.84761895073785
2001-03-31,14183.12,4.233333333333333,75.01166666666667,5.593333333333334,0.46403225806451615,1160.3299560546875,25.726451750724546,-0.0032779880764016722,-0.12114859703465342,-0.011154959924256413,9.559807804092207,9.555266705451144,0.004541098641063002,9.56070986364949,-0.000832980826697343,-6.907873058616468e-05,0.00740438980933944,-0.0029268965924774725,1,3.9,4.0,74.46033333333332,74.04166666666667,6.473333333333334,6.52,-0.14838709677419357,-0.3271428571428571,1320.280029296875,1436.510009765625,26.016666624281143,19.169047673543293,0.0020939157657801294,0.0010861463284042579,0.005970387927816567,0.0010193258635609048,0.005654473832301443,0.006443047896947496,-0.08091136134005328,-0.012436385345754974,0.35722269918441407,-0.2308990518869899,0.0010077694373758716,-0.0026883864639813144,0.3333333333333335,-0.8799999999999999,0.6124193548387097,0,1.0,-0.2902148735565966
2001-06-30,14271.694,4.3999999999999995,75.36333333333333,4.326666666666667,1.0844444444444443,1224.3800048828125,23.9238095056443,0.00624502930243831,0.0551998580178914,-0.07006960239005666,9.566033414006979,9.562424091114723,0.003609322892256017,9.56465374038086,0.0013005416877950818,7.913193832337871e-05,0.004688159619614662,0.002133522514492425,0,4.233333333333333,3.9,75.01166666666667,74.46033333333332,5.593333333333334,6.473333333333334,0.46403225806451615,-0.14838709677419357,1160.3299560546875,1320.280029296875,25.726451750724546,26.016666624281143,-0.000832980826697343,0.0020939157657801294,-0.0032779880764016722,0.005970387927816567,0.00740438980933944,0.005654473832301443,-0.12114859703465342,-0.08091136134005328,-0.011154959924256413,0.35722269918441407,-0.0029268965924774725,0.0010077694373758716,0.16666666666666607,-1.2666666666666666,0.6204121863799281,0,0.0,-1.8026422450802464
2001-09-30,14214.516,4.833333333333333,75.40133333333334,3.4966666666666666,1.3195081967213114,1040.93994140625,25.380338992102672,-0.004006391953190747,-0.14982281868783043,0.060882004854399874,9.562018974965161,9.569433386766002,-0.007414411800841236,9.563774221967474,-0.0016922021090115976,-6.30448933014009e-05,0.0005042239816004379,-0.0029927437968066796,0,4.3999999999999995,4.233333333333333,75.36333333333333,75.01166666666667,4.326666666666667,5.593333333333334,1.0844444444444443,0.46403225806451615,1224.3800048828125,1160.3299560546875,23.9238095056443,25.726451750724546,0.0013005416877950818,-0.000832980826697343,0.00624502930243831,-0.0032779880764016722,0.004688159619614662,0.00740438980933944,0.0551998580178914,-0.12114859703465342,-0.07006960239005666,-0.011154959924256413,0.002133522514492425,-0.0029268965924774725,0.43333333333333357,-0.8300000000000005,0.23506375227686704,0,0.0,1.456529486458372
2001-12-31,14253.574,5.5,75.432,2.1333333333333333,1.895,1148.0799560546875,27.91000011563301,0.0027477544785907693,0.10292622118399786,0.09967010780736474,9.564762961267519,9.576339574151053,-0.011576612883533954,9.566683365942252,-0.0018622925509686463,-5.811212376433204e-05,0.00040671252497737065,-0.00017009044195704878,1,4.833333333333333,4.3999999999999995,75.40133333333334,75.36333333333333,3.4966666666666666,4.326666666666667,1.3195081967213114,1.0844444444444443,1040.93994140625,1224.3800048828125,25.380338992102672,23.9238095056443,-0.0016922021090115976,0.0013005416877950818,-0.004006391953190747,0.00624502930243831,0.0005042239816004379,0.004688159619614662,-0.14982281868783043,0.0551998580178914,0.060882004854399874,-0.07006960239005666,-0.0029927437968066796,0.002133522514492425,0.666666666666667,-1.3633333333333333,0.5754918032786887,0,0.0,2.529661123530339
2002-03-31,14372.785,5.7,75.584,1.7333333333333334,1.8786666666666667,1147.3900146484375,21.36083345413208,0.008363586564324121,-0.0006009524011035827,-0.23465305031771022,9.573091766836415,9.583183001008567,-0.010091234172152852,9.573084508560507,-6.170393134692447e-06,1.3428669042110457e-05,0.002015059921518736,0.0018561221578339538,1,5.5,4.833333333333333,75.432,75.40133333333334,2.1333333333333333,3.4966666666666666,1.895,1.3195081967213114,1148.0799560546875,1040.93994140625,27.91000011563301,25.380338992102672,-0.0018622925509686463,-0.0016922021090115976,0.0027477544785907693,-0.004006391953190747,0.00040671252497737065,0.0005042239816004379,0.10292622118399786,-0.14982281868783043,0.09967010780736474,0.060882004854399874,-0.00017009044195704878,-0.0029927437968066796,0.20000000000000018,-0.3999999999999999,-0.01633333333333331,0,0.0,-6.54916666150093
2002-06-30,14460.848,5.833333333333333,76.145,1.75,1.8721875,989.8200073242188,21.64312493801117,0.006127065840058066,-0.1373290732118655,0.013215377784076221,9.579200138529885,9.589996779694191,-0.010796641164306564,9.578646355812053,0.0005344840627111969,1.9298655120710776e-05,0.007422205757832145,0.0005406544558458894,0,5.7,5.5,75.584,75.432,1.7333333333333334,2.1333333333333333,1.8786666666666667,1.895,1147.3900146484375,1148.0799560546875,21.36083345413208,27.91000011563301,-6.170393134692447e-06,-0.0018622925509686463,0.008363586564324121,0.0027477544785907693,0.002015059921518736,0.00040671252497737065,-0.0006009524011035827,0.10292622118399786,-0.23465305031771022,0.09967010780736474,0.0018561221578339538,-0.00017009044195704878,0.13333333333333286,0.016666666666666607,-0.0064791666666668135,0,0.0,0.28229148387908864
2002-09-30,14519.633,5.733333333333333,76.539,1.74,2.03359375,815.280029296875,35.06843748688698,0.004065114300350947,-0.1763350677252704,0.6203037956546347,9.583257012577263,9.59680771554221,-0.013550702964947092,9.583014056868814,0.0002229209246549551,2.0034783794388786e-05,0.0051743384332523235,-0.00031156313805624184,0,5.833333333333333,5.7,76.145,75.584,1.75,1.7333333333333334,1.8721875,1.8786666666666667,989.8200073242188,1147.3900146484375,21.64312493801117,21.36083345413208,0.0005344840627111969,-6.170393134692447e-06,0.006127065840058066,0.008363586564324121,0.007422205757832145,0.002015059921518736,-0.1373290732118655,-0.0006009524011035827,0.013215377784076221,-0.23465305031771022,0.0005406544558458894,0.0018561221578339538,-0.09999999999999964,-0.010000000000000009,0.1614062500000002,0,0.0,13.425312548875809
2002-12-31,14537.58,5.866666666666667,76.89633333333335,1.4433333333333334,2.1151612903225807,879.8200073242188,30.726718693971634,0.0012360505255195608,0.07916295715351351,-0.1238070214716247,9.584492299821237,9.603635865986185,-0.0191435661649475,9.586144211521553,-0.0016068124428380887,-4.5099257477889104e-05,0.004668643872187239,-0.0018297333674930439,0,5.733333333333333,5.833333333333333,76.539,76.145,1.74,1.75,2.03359375,1.8721875,815.280029296875,989.8200073242188,35.06843748688698,21.64312493801117,0.0002229209246549551,0.0005344840627111969,0.004065114300350947,0.006127065840058066,0.0051743384332523235,0.007422205757832145,-0.1763350677252704,-0.1373290732118655,0.6203037956546347,0.013215377784076221,-0.00031156313805624184,0.0005406544558458894,0.13333333333333375,-0.29666666666666663,0.08156754032258062,0,0.0,-4.341718792915344
2003-03-31,14614.141,5.866666666666667,77.484,1.25,2.270983606557377,848.1799926757812,30.022622937061747,0.005266419858050542,-0.035961917647978625,-0.02291477212137283,9.589744900587087,9.61049281927032,-0.02074791868323267,9.591982146544085,-0.0021874761490229527,-4.9769807974971506e-05,0.007642323647854665,-0.000580663706184864,0,5.866666666666667,5.733333333333333,76.89633333333335,76.539,1.4433333333333334,1.74,2.1151612903225807,2.03359375,879.8200073242188,815.280029296875,30.726718693971634,35.06843748688698,-0.0016068124428380887,0.0002229209246549551,0.0012360505255195608,0.004065114300350947,0.004668643872187239,0.0051743384332523235,0.07916295715351351,-0.1763350677252704,-0.1238070214716247,0.6203037956546347,-0.0018297333674930439,-0.00031156313805624184,0.0,-0.19333333333333336,0.15582231623479625,0,0.0,-0.7040957569098865
2003-06-30,14743.567,6.133333333333333,77.56166666666667,1.2466666666666668,2.199047619047619,974.5,21.531269769819957,0.00885621672871495,0.14893066143391676,-0.28283182269060003,9.598562131039955,9.617378198909972,-0.01881606787001644,9.600810996834488,-0.0021740453517976022,-7.482044273515948e-05,0.0010023574759521203,1.3430797225350444e-05,1,5.866666666666667,5.866666666666667,77.484,76.89633333333335,1.25,1.4433333333333334,2.270983606557377,2.1151612903225807,848.1799926757812,879.8200073242188,30.022622937061747,30.726718693971634,-0.0021874761490229527,-0.0016068124428380887,0.005266419858050542,0.0012360505255195608,0.007642323647854665,0.004668643872187239,-0.035961917647978625,0.07916295715351351,-0.02291477212137283,-0.1238070214716247,-0.000580663706184864,-0.0018297333674930439,0.2666666666666657,-0.0033333333333331883,-0.07193598750975783,0,0.0,-8.49135316724179
2003-09-30,14988.782,6.133333333333333,78.07266666666666,1.0166666666666666,2.549375,995.969970703125,19.32015624642372,0.01663199956971062,0.02203178112172899,-0.1026931317583285,9.615057333625899,9.624278660971319,-0.00922132734542025,9.614146192204872,0.0008698140628280136,4.1327358198315484e-05,0.006588306079033934,0.003043859414625616,1,6.133333333333333,5.866666666666667,77.56166666666667,77.484,1.2466666666666668,1.25,2.199047619047619,2.270983606557377,974.5,848.1799926757812,21.531269769819957,30.022622937061747,-0.0021740453517976022,-0.0021874761490229527,0.00885621672871495,0.005266419858050542,0.0010023574759521203,0.007642323647854665,0.14893066143391676,-0.035961917647978625,-0.28283182269060003,-0.02291477212137283,1.3430797225350444e-05,-0.000580663706184864,0.0,-0.2300000000000002,0.3503273809523808,0,0.0,-2.211113523396236
2003-12-31,15162.76,5.833333333333333,78.45666666666666,0.9966666666666667,2.4288709677419353,1111.9200439453125,17.427187502384186,0.01160721398176312,0.11641924621515476,-0.09797895627215414,9.626597700673301,9.631169101478122,-0.004571400804820769,9.624951949559517,0.0015895642707230578,5.618684306134161e-05,0.004918494735673518,0.0007197502078950442,0,6.133333333333333,6.133333333333333,78.07266666666666,77.56166666666667,1.0166666666666666,1.2466666666666668,2.549375,2.199047619047619,995.969970703125,974.5,19.32015624642372,21.531269769819957,0.0008698140628280136,-0.0021740453517976022,0.01663199956971062,0.00885621672871495,0.006588306079033934,0.0010023574759521203,0.02203178112172899,0.14893066143391676,-0.1026931317583285,-0.28283182269060003,0.003043859414625616,1.3430797225350444e-05,-0.2999999999999998,-0.019999999999999907,-0.12050403225806461,0,0.0,-1.8929687440395355
2004-03-31,15248.68,5.7,79.06166666666667,1.0033333333333332,2.323387096774194,1126.2099609375,16.658064503823557,0.005666514539569345,0.012851568842561667,-0.044133512562219646,9.632248220912203,9.638018653124554,-0.005770432212351295,9.632326276395629,-6.432004861512146e-05,-1.3735434810976791e-05,0.0077112631176445845,-0.0016538843193381792,0,5.833333333333333,6.133333333333333,78.45666666666666,78.07266666666666,0.9966666666666667,1.0166666666666666,2.4288709677419353,2.549375,1111.9200439453125,995.969970703125,17.427187502384186,19.32015624642372,0.0015895642707230578,0.0008698140628280136,0.01160721398176312,0.01663199956971062,0.004918494735673518,0.006588306079033934,0.11641924621515476,0.02203178112172899,-0.09797895627215414,-0.1026931317583285,0.0007197502078950442,0.003043859414625616,-0.13333333333333286,0.0066666666666664876,-0.10548387096774148,0,0.0,-0.7691229985606292
2004-06-30,15366.85,5.599999999999999,79.59366666666666,1.01,2.14241935483871,1140.8399658203125,16.230161297705866,0.007749523237421174,0.012990477255798716,-0.025687450424956237,9.639967870831144,9.644793591479282,-0.004825720648137022,9.640502069107923,-0.0005168382304267882,-1.7360046351353538e-05,0.006728924679048065,-0.0004525181818116667,0,5.7,5.833333333333333,79.06166666666667,78.45666666666666,1.0033333333333332,0.9966666666666667,2.323387096774194,2.4288709677419353,1126.2099609375,1111.9200439453125,16.658064503823557,17.427187502384186,-6.432004861512146e-05,0.0015895642707230578,0.005666514539569345,0.01160721398176312,0.0077112631176445845,0.004918494735673518,0.012851568842561667,0.11641924621515476,-0.044133512562219646,-0.09797895627215414,-0.0016538843193381792,0.0007197502078950442,-0.10000000000000142,0.006666666666666821,-0.18096774193548404,0,0.0,-0.4279032061176906
2004-09-30,15512.619,5.433333333333334,79.985,1.4333333333333333,1.74484375,1114.5799560546875,15.442187443375587,0.009485938887930923,-0.02301813624380078,-0.04854997063040023,9.649409100716316,9.651456585590834,-0.002047484874518446,9.649697818065954,-0.0002805737505025489,-8.143599136096373e-06,0.004916639096075537,0.00023626447992423927,1,5.599999999999999,5.7,79.59366666666666,79.06166666666667,1.01,1.0033333333333332,2.14241935483871,2.323387096774194,1140.8399658203125,1126.2099609375,16.230161297705866,16.658064503823557,-0.0005168382304267882,-6.432004861512146e-05,0.007749523237421174,0.005666514539569345,0.006728924679048065,0.0077112631176445845,0.012990477255798716,0.012851568842561667,-0.025687450424956237,-0.044133512562219646,-0.0004525181818116667,-0.0016538843193381792,-0.1666666666666652,0.42333333333333334,-0.3975756048387098,0,0.0,-0.7879738543302786
2004-12-31,15670.88,5.433333333333334,80.669,1.95,1.3533870967741934,1211.9200439453125,13.651250019669533,0.010202081286209586,0.08733342759471707,-0.11597692556661288,9.659559492037449,9.657967288432342,0.0015922036051065902,9.659353996636503,0.00020845128868251996,-2.9558877362437968e-06,0.008551603425642318,0.0004890250391850688,1,5.433333333333334,5.599999999999999,79.985,79.59366666666666,1.4333333333333333,1.01,1.74484375,2.14241935483871,1114.5799560546875,1140.8399658203125,15.442187443375587,16.230161297705866,-0.0002805737505025489,-0.0005168382304267882,0.009485938887930923,0.007749523237421174,0.004916639096075537,0.006728924679048065,-0.02301813624380078,0.012990477255798716,-0.04854997063040023,-0.025687450424956237,0.00023626447992423927,-0.0004525181818116667,0.0,0.5166666666666666,-0.3914566532258066,0,0.0,-1.7909374237060547
2005-03-31,15844.727,5.3,81.13799999999999,2.47,0.848688524590164,1180.5899658203125,12.787049199714035,0.011093633541958248,-0.025851604882288548,-0.06330561807236013,9.670592042566685,9.664284073298889,0.0063079692677963095,9.669154733053517,0.0013824613229927493,5.484819017536756e-05,0.005813881416653066,0.0011740100343102292,0,5.433333333333334,5.433333333333334,80.669,79.985,1.95,1.4333333333333333,1.3533870967741934,1.74484375,1211.9200439453125,1114.5799560546875,13.651250019669533,15.442187443375587,0.00020845128868251996,-0.0002805737505025489,0.010202081286209586,0.009485938887930923,0.008551603425642318,0.004916639096075537,0.08733342759471707,-0.02301813624380078,-0.11597692556661288,-0.04854997063040023,0.0004890250391850688,0.00023626447992423927,-0.13333333333333375,0.5200000000000002,-0.5046985721840295,0,0.0,-0.8642008199554976
2005-06-30,15922.782,5.1000000000000005,81.65066666666667,2.9433333333333334,0.51265625,1191.3299560546875,13.407343715429306,0.004926244548107306,0.009097138333640231,0.04850959013508316,9.675506192875309,9.670366308612811,0.005139884262497674,9.675598425926328,-7.336367950899436e-05,-1.8869371509914085e-05,0.006318453334648089,-0.0014558250025017436,0,5.3,5.433333333333334,81.13799999999999,80.669,2.47,1.95,0.848688524590164,1.3533870967741934,1180.5899658203125,1211.9200439453125,12.787049199714035,13.651250019669533,0.0013824613229927493,0.00020845128868251996,0.011093633541958248,0.010202081286209586,0.005813881416653066,0.008551603425642318,-0.025851604882288548,0.08733342759471707,-0.06330561807236013,-0.11597692556661288,0.0011740100343102292,0.0004890250391850688,-0.1999999999999993,0.47333333333333316,-0.33603227459016394,0,0.0,0.6202945157152708
2005-09-30,16047.587,4.966666666666667,82.53166666666667,3.4599999999999995,0.2571875,1228.81005859375,12.250781282782555,0.007838140345072908,0.03146072366314434,-0.0862633536660784,9.68331377457644,9.676177305277236,0.007136469299204862,9.683148164220258,0.00015014664636244705,1.5463709820008067e-05,0.010789869035566113,0.0002235103258714414,0,5.1000000000000005,5.3,81.65066666666667,81.13799999999999,2.9433333333333334,2.47,0.51265625,0.848688524590164,1191.3299560546875,1180.5899658203125,13.407343715429306,12.787049199714035,-7.336367950899436e-05,0.0013824613229927493,0.004926244548107306,0.011093633541958248,0.006318453334648089,0.005813881416653066,0.009097138333640231,-0.025851604882288548,0.04850959013508316,-0.06330561807236013,-0.0014558250025017436,0.0011740100343102292,-0.13333333333333375,0.5166666666666662,-0.25546875,0,0.0,-1.1565624326467514
2005-12-31,16136.734,4.966666666666667,83.18900000000001,3.98,0.12360655737704918,1248.2900390625,12.781746031746032,0.0055551653965173475,0.015852718923087927,0.04334129691056554,9.688853566948517,9.68168358662295,0.007169980325565817,9.689724549902873,-0.0008124259381261271,-5.8557016230819845e-05,0.007964619640945969,-0.0009625725844885742,1,4.966666666666667,5.1000000000000005,82.53166666666667,81.65066666666667,3.4599999999999995,2.9433333333333334,0.2571875,0.51265625,1228.81005859375,1191.3299560546875,12.250781282782555,13.407343715429306,0.00015014664636244705,-7.336367950899436e-05,0.007838140345072908,0.004926244548107306,0.010789869035566113,0.006318453334648089,0.03146072366314434,0.009097138333640231,-0.0862633536660784,0.04850959013508316,0.0002235103258714414,-0.0014558250025017436,0.0,0.5200000000000005,-0.13358094262295084,0,0.0,0.530964748963477
2006-03-31,16353.835,4.733333333333333,83.62133333333334,4.456666666666667,-0.027580645161290322,1294.8699951171875,12.042419341302686,0.013453837684874737,0.03731501061217335,-0.057842386212891395,9.70221770539623,9.686856136274054,0.015361569122175567,9.699808916851207,0.0023135124573610776,9.527608766105597e-05,0.005197001206088903,0.0031259383954872046,0,4.966666666666667,4.966666666666667,83.18900000000001,82.53166666666667,3.98,3.4599999999999995,0.12360655737704918,0.2571875,1248.2900390625,1228.81005859375,12.781746031746032,12.250781282782555,-0.0008124259381261271,0.00015014664636244705,0.0055551653965173475,0.007838140345072908,0.007964619640945969,0.010789869035566113,0.015852718923087927,0.03146072366314434,0.04334129691056554,-0.0862633536660784,-0.0009625725844885742,0.0002235103258714414,-0.2333333333333334,0.476666666666667,-0.1511872025383395,1,0.0,-0.7393266904433453
2006-06-30,16396.151,4.633333333333333,84.355,4.906666666666667,0.07476190476190477,1270.199951171875,14.528730119977679,0.0025875276349554,-0.019052139626634768,0.20646273047040697,9.704801891145129,9.69167041909235,0.013131472052778648,9.704085399847294,0.0007011696980006014,1.5321599834418787e-05,0.008773678168250587,-0.001612342759360476,0,4.733333333333333,4.966666666666667,83.62133333333334,83.18900000000001,4.456666666666667,3.98,-0.027580645161290322,0.12360655737704918,1294.8699951171875,1248.2900390625,12.042419341302686,12.781746031746032,0.0023135124573610776,-0.0008124259381261271,0.013453837684874737,0.0055551653965173475,0.005197001206088903,0.007964619640945969,0.03731501061217335,0.015852718923087927,-0.057842386212891395,0.04334129691056554,0.0031259383954872046,-0.0009625725844885742,-0.10000000000000053,0.4500000000000002,0.10234254992319508,0,1.0,2.4863107786749925
2006-09-30,16420.738,4.633333333333334,84.96166666666666,5.246666666666667,-0.035555555555555556,1335.8499755859375,13.607936465550983,0.001499559256315619,0.051684795258805094,-0.0633774353864941,9.70630032718521,9.696111500920345,0.010188826264863948,9.707395776092548,-0.0010386662707921777,-5.6782636546969445e-05,0.007191828186434268,-0.001739835968792779,1,4.633333333333333,4.733333333333333,84.355,83.62133333333334,4.906666666666667,4.456666666666667,0.07476190476190477,-0.027580645161290322,1270.199951171875,1294.8699951171875,14.528730119977679,12.042419341302686,0.0007011696980006014,0.0023135124573610776,0.0025875276349554,0.013453837684874737,0.008773678168250587,0.005197001206088903,-0.019052139626634768,0.03731501061217335,0.20646273047040697,-0.057842386212891395,-0.001612342759360476,0.0031259383954872046,8.881784197001252e-16,0.33999999999999986,-0.11031746031746031,1,0.0,-0.9207936544266957
2006-12-31,16561.866,4.433333333333334,84.82166666666666,5.246666666666667,-0.10693548387096774,1418.300048828125,11.034920647030784,0.008594498006118778,0.06172105756563173,-0.1890819982172821,9.714858102750625,9.700172654770572,0.014685447980053112,9.714107027908387,0.0007082507138846891,4.282412835366375e-05,-0.001647801949898997,0.0017469169846768668,0,4.633333333333334,4.633333333333333,84.96166666666666,84.355,5.246666666666667,4.906666666666667,-0.035555555555555556,0.07476190476190477,1335.8499755859375,1270.199951171875,13.607936465550983,14.528730119977679,-0.0010386662707921777,0.0007011696980006014,0.001499559256315619,0.0025875276349554,0.007191828186434268,0.008773678168250587,0.051684795258805094,-0.019052139626634768,-0.0633774353864941,0.20646273047040697,-0.001739835968792779,-0.001612342759360476,-0.20000000000000018,0.0,-0.07137992831541218,1,1.0,-2.573015818520199
2007-03-31,16611.69,4.5,85.597,5.256666666666667,-0.0814516129032258,1420.8599853515625,12.56360655925313,0.0030083566670564554,0.0018049329727884977,0.13853166335488565,9.717861943367756,9.703853521671977,0.014008421695779205,9.71818813802678,-0.0003031722881219953,-2.302237090228619e-05,0.00914074627158934,-0.0010114230020066843,1,4.433333333333334,4.633333333333334,84.82166666666666,84.96166666666666,5.246666666666667,5.246666666666667,-0.10693548387096774,-0.035555555555555556,1418.300048828125,1335.8499755859375,11.034920647030784,13.607936465550983,0.0007082507138846891,-0.0010386662707921777,0.008594498006118778,0.001499559256315619,-0.001647801949898997,0.007191828186434268,0.06172105756563173,0.051684795258805094,-0.1890819982172821,-0.0633774353864941,0.0017469169846768668,-0.001739835968792779,0.06666666666666643,0.009999999999999787,0.025483870967741934,1,1.0,1.528685912222345
2007-06-30,16713.314,4.5,86.32366666666667,5.25,0.04234375,1503.3499755859375,13.731904726179819,0.006117619579946387,0.05805638210999686,0.0929906680392052,9.723960926282437,9.707162921058494,0.01679800522394359,9.723626765902166,0.00032815755989440426,6.0028203769379464e-06,0.008489394098702974,0.0006313298480163995,1,4.5,4.433333333333334,85.597,84.82166666666666,5.256666666666667,5.246666666666667,-0.0814516129032258,-0.10693548387096774,1420.8599853515625,1418.300048828125,12.56360655925313,11.034920647030784,-0.0003031722881219953,0.0007082507138846891,0.0030083566670564554,0.008594498006118778,0.00914074627158934,-0.001647801949898997,0.0018049329727884977,0.06172105756563173,0.13853166335488565,-0.1890819982172821,-0.0010114230020066843,0.0017469169846768668,0.0,-0.006666666666666821,0.1237953629032258,0,1.0,1.1682981669266894
2007-09-30,16809.587,4.666666666666667,86.81166666666667,5.073333333333333,0.3476190476190476,1526.75,21.589206256563703,0.005760257959612325,0.01556525412849541,0.5721931288529822,9.729704657391745,9.710118427627615,0.019586229764129826,9.72866586352582,0.0010291043497232754,9.689516202038371e-06,0.005653142629869823,0.0007009467898288712,1,4.5,4.5,86.32366666666667,85.597,5.25,5.256666666666667,0.04234375,-0.0814516129032258,1503.3499755859375,1420.8599853515625,13.731904726179819,12.56360655925313,0.00032815755989440426,-0.0003031722881219953,0.006117619579946387,0.0030083566670564554,0.008489394098702974,0.00914074627158934,0.05805638210999686,0.0018049329727884977,0.0929906680392052,0.13853166335488565,0.0006313298480163995,-0.0010114230020066843,0.16666666666666696,-0.17666666666666675,0.3052752976190476,0,0.0,7.857301530383884
2007-12-31,16915.191,4.8,87.69433333333332,4.496666666666667,0.7769354838709678,1468.3599853515625,22.029843717813492,0.0062823673181262585,-0.03824464689598006,0.020410081594168128,9.73596737290394,9.712748114830102,0.023219258073837068,9.733082684591297,0.0027850558319338133,9.963248070851173e-05,0.010167604200664204,0.001755951482210538,0,4.666666666666667,4.5,86.81166666666667,86.32366666666667,5.073333333333333,5.25,0.3476190476190476,0.04234375,1526.75,1503.3499755859375,21.589206256563703,13.731904726179819,0.0010291043497232754,0.00032815755989440426,0.005760257959612325,0.006117619579946387,0.005653142629869823,0.008489394098702974,0.01556525412849541,0.05805638210999686,0.5721931288529822,0.0929906680392052,0.0007009467898288712,0.0006313298480163995,0.13333333333333286,-0.5766666666666662,0.4293164362519202,0,0.0,0.4406374612497892
2008-03-31,16843.003,5.0,88.40766666666667,3.1766666666666663,1.6359016393442625,1322.699951171875,26.120164089515562,-0.004267643208994754,-0.09919913075322118,0.18567178342688861,9.731690597313907,9.715092297510319,0.01659829980358829,9.731432449077348,0.000317204055009356,-5.905581844979266e-05,0.00813431502605666,-0.002467851776924457,1,4.8,4.666666666666667,87.69433333333332,86.81166666666667,4.496666666666667,5.073333333333333,0.7769354838709678,0.3476190476190476,1468.3599853515625,1526.75,22.029843717813492,21.589206256563703,0.0027850558319338133,0.0010291043497232754,0.0062823673181262585,0.005760257959612325,0.010167604200664204,0.005653142629869823,-0.03824464689598006,0.01556525412849541,0.020410081594168128,0.5721931288529822,0.001755951482210538,0.0007009467898288712,0.20000000000000018,-1.3200000000000007,0.8589661554732947,0,0.0,4.09032037170207
2008-06-30,16943.291,5.333333333333333,89.26866666666668,2.0866666666666664,1.46515625,1280.0,20.67296865582466,0.0059542826181293584,-0.03228241683538591,-0.2085436911890367,9.737627223245223,9.717205802548929,0.02042142069629449,9.733326863544413,0.00417886057110871,0.00012149912970150882,0.009738974372509146,0.003861656516099354,0,5.0,4.8,88.40766666666667,87.69433333333332,3.1766666666666663,4.496666666666667,1.6359016393442625,0.7769354838709678,1322.699951171875,1468.3599853515625,26.120164089515562,22.029843717813492,0.000317204055009356,0.0027850558319338133,-0.004267643208994754,0.0062823673181262585,0.00813431502605666,0.010167604200664204,-0.09919913075322118,-0.03824464689598006,0.18567178342688861,0.020410081594168128,-0.002467851776924457,0.001755951482210538,0.33333333333333304,-1.0899999999999999,-0.17074538934426253,0,0.0,-5.447195433690901
2008-09-30,16854.295,6.0,90.22133333333333,1.9400000000000002,1.5021875,1166.3599853515625,25.073281168937683,-0.005252580505168858,-0.08878126144409182,0.21285344095334957,9.73236079944244,9.719153830763963,0.013206968678476372,9.727836397433189,0.004365561037628634,0.0001588409716221156,0.010671904288925393,0.00018670046651992397,0,5.333333333333333,5.0,89.26866666666668,88.40766666666667,2.0866666666666664,3.1766666666666663,1.46515625,1.6359016393442625,1280.0,1322.699951171875,20.67296865582466,26.120164089515562,0.00417886057110871,0.000317204055009356,0.0059542826181293584,-0.004267643208994754,0.009738974372509146,0.00813431502605666,-0.03228241683538591,-0.09919913075322118,-0.2085436911890367,0.18567178342688861,0.003861656516099354,-0.002467851776924457,0.666666666666667,-0.14666666666666628,0.03703125000000007,0,0.0,4.400312513113022
2008-12-31,16485.35,6.866666666666667,88.78066666666666,0.5066666666666667,2.0191935483870966,903.25,58.59593743085861,-0.02189026595298116,-0.22558214329708537,1.3369872110496193,9.710227386702954,9.721014346361391,-0.010786959658437567,9.712706218606863,-0.0023827490538075678,-9.608285010172767e-05,-0.01596813761711946,-0.006748310091436202,0,6.0,5.333333333333333,90.22133333333333,89.26866666666668,1.9400000000000002,2.0866666666666664,1.5021875,1.46515625,1166.3599853515625,1280.0,25.073281168937683,20.67296865582466,0.004365561037628634,0.00417886057110871,-0.005252580505168858,0.0059542826181293584,0.010671904288925393,0.009738974372509146,-0.08878126144409182,-0.03228241683538591,0.21285344095334957,-0.2085436911890367,0.00018670046651992397,0.003861656516099354,0.8666666666666671,-1.4333333333333336,0.5170060483870966,0,0.0,33.52265626192093
2009-03-31,16298.262,8.266666666666667,88.181,0.18333333333333335,1.8319672131147542,797.8699951171875,45.00000006253602,-0.011348742974823023,-0.11666759466682808,-0.23202866895619478,9.698813755343052,9.722873567902608,-0.024059812559556804,9.703381719565249,-0.004452413820538574,-0.0001155504016583887,-0.006754473571573327,-0.0020696647667310065,1,6.866666666666667,6.0,88.78066666666666,90.22133333333333,0.5066666666666667,1.9400000000000002,2.0191935483870966,1.5021875,903.25,1166.3599853515625,58.59593743085861,25.073281168937683,-0.0023827490538075678,0.004365561037628634,-0.02189026595298116,-0.005252580505168858,-0.01596813761711946,0.010671904288925393,-0.22558214329708537,-0.08878126144409182,1.3369872110496193,0.21285344095334957,-0.006748310091436202,0.00018670046651992397,1.4000000000000004,-0.32333333333333336,-0.18722633527234245,0,0.0,-13.595937368322595
2009-06-30,16269.145,9.299999999999999,88.53133333333334,0.18000000000000002,2.303174603174603,919.3200073242188,33.01571428208124,-0.0017865095063510639,0.15221779606988894,-0.26631746141778545,9.697025648125424,9.724810972099217,-0.027785323973793297,9.701049594939999,-0.003941620378503123,-8.232643607217378e-05,0.003972889095534615,0.0005107934420354515,1,8.266666666666667,6.866666666666667,88.181,88.78066666666666,0.18333333333333335,0.5066666666666667,1.8319672131147542,2.0191935483870966,797.8699951171875,903.25,45.00000006253602,58.59593743085861,-0.004452413820538574,-0.0023827490538075678,-0.011348742974823023,-0.02189026595298116,-0.006754473571573327,-0.01596813761711946,-0.11666759466682808,-0.22558214329708537,-0.23202866895619478,1.3369872110496193,-0.0020696647667310065,-0.006748310091436202,1.0333333333333314,-0.003333333333333327,0.4712073900598488,0,0.0,-11.984285780454776
2009-09-30,16326.281,9.633333333333333,89.142,0.15666666666666665,2.4878125,1057.0799560546875,25.486250042915344,0.003511923951750484,0.1498498320856021,-0.228056984466103,9.700531419672563,9.726890998279966,-0.026359578607403122,9.703702621825622,-0.0030877996337033376,-8.340251935543431e-05,0.006897746184025166,0.0008538207447997851,1,9.299999999999999,8.266666666666667,88.53133333333334,88.181,0.18000000000000002,0.18333333333333335,2.303174603174603,1.8319672131147542,919.3200073242188,797.8699951171875,33.01571428208124,45.00000006253602,-0.003941620378503123,-0.004452413820538574,-0.0017865095063510639,-0.011348742974823023,0.003972889095534615,-0.006754473571573327,0.15221779606988894,-0.11666759466682808,-0.26631746141778545,-0.23202866895619478,0.0005107934420354515,-0.0020696647667310065,0.3333333333333339,-0.023333333333333373,0.184637896825397,0,0.0,-7.529464239165897
2009-12-31,16502.754,9.933333333333334,89.82966666666665,0.12,2.586129032258065,1115.0999755859375,23.070156276226044,0.010809136508185713,0.05488706809634025,-0.0947998925938861,9.711282555051808,9.729160719946123,-0.017878164894314708,9.71140759828212,-0.00015943570615255698,3.439247584018535e-05,0.007714283577513026,0.0029283639275507808,0,9.633333333333333,9.299999999999999,89.142,88.53133333333334,0.15666666666666665,0.18000000000000002,2.4878125,2.303174603174603,1057.0799560546875,919.3200073242188,25.486250042915344,33.01571428208124,-0.0030877996337033376,-0.003941620378503123,0.003511923951750484,-0.0017865095063510639,0.006897746184025166,0.003972889095534615,0.1498498320856021,0.15221779606988894,-0.228056984466103,-0.26631746141778545,0.0008538207447997851,0.0005107934420354515,0.3000000000000007,-0.03666666666666665,0.0983165322580648,0,0.0,-2.4160937666893005
2010-03-31,16582.71,9.833333333333334,90.177,0.13333333333333333,2.8001639344262297,1169.4300537109375,20.149672086121605,0.004845009505686004,0.04872215883284525,-0.1265914350616696,9.716115865272487,9.731650735862322,-0.015534870589835492,9.717031631919989,-0.0008752786307666818,-4.048801673524371e-05,0.0038665771144650307,-0.0007158429246141248,1,9.933333333333334,9.633333333333333,89.82966666666665,89.142,0.12,0.15666666666666665,2.586129032258065,2.4878125,1115.0999755859375,1057.0799560546875,23.070156276226044,25.486250042915344,-0.00015943570615255698,-0.0030877996337033376,0.010809136508185713,0.003511923951750484,0.007714283577513026,0.006897746184025166,0.05488706809634025,0.1498498320856021,-0.0947998925938861,-0.228056984466103,0.0029283639275507808,0.0008538207447997851,-0.09999999999999964,0.013333333333333336,0.2140349021681649,0,0.0,-2.920484190104439
2010-06-30,16743.162,9.633333333333333,90.31666666666666,0.19333333333333336,2.6193750000000002,1030.7099609375,26.39142858414423,0.009675861183124024,-0.11862196660094271,0.30976963155255177,9.725745215095095,9.734380470940138,-0.008635255845042877,9.725108391863571,0.0006171457319587895,1.967749956513021e-05,0.0015488058669799187,0.0014924243627254712,1,9.833333333333334,9.933333333333334,90.177,89.82966666666665,0.13333333333333333,0.12,2.8001639344262297,2.586129032258065,1169.4300537109375,1115.0999755859375,20.149672086121605,23.070156276226044,-0.0008752786307666818,-0.00015943570615255698,0.004845009505686004,0.010809136508185713,0.0038665771144650307,0.007714283577513026,0.04872215883284525,0.05488706809634025,-0.1265914350616696,-0.0947998925938861,-0.0007158429246141248,0.0029283639275507808,-0.20000000000000107,0.060000000000000026,-0.18078893442622945,0,0.0,6.2417564980226246
2010-09-30,16872.266,9.466666666666667,90.49066666666666,0.18666666666666668,2.24578125,1141.199951171875,24.283593624830246,0.007710849360473171,0.10719794551502826,-0.07986816449111644,9.733426487800099,9.73735964079702,-0.003933152996921763,9.731993939516892,0.0013997440425796118,3.2804240627102004e-05,0.0019265547148918927,0.0007825983106208223,0,9.633333333333333,9.833333333333334,90.31666666666666,90.177,0.19333333333333336,0.13333333333333333,2.6193750000000002,2.8001639344262297,1030.7099609375,1169.4300537109375,26.39142858414423,20.149672086121605,0.0006171457319587895,-0.0008752786307666818,0.009675861183124024,0.004845009505686004,0.0015488058669799187,0.0038665771144650307,-0.11862196660094271,0.04872215883284525,0.30976963155255177,-0.1265914350616696,0.0014924243627254712,-0.0007158429246141248,-0.16666666666666607,-0.006666666666666682,-0.3735937500000004,0,0.0,-2.1078349593139833
2010-12-31,16960.864,9.5,91.07033333333334,0.18666666666666668,2.391290322580645,1257.6400146484375,19.31843753159046,0.005251102608268665,0.1020330077625684,-0.20446545803512606,9.73866385144455,9.740592564015522,-0.0019287125709723796,9.736892913445502,0.0017026961587823857,6.824184026543115e-05,0.0064058171745153825,0.00030295211620277396,0,9.466666666666667,9.633333333333333,90.49066666666666,90.31666666666666,0.18666666666666668,0.19333333333333336,2.24578125,2.6193750000000002,1141.199951171875,1030.7099609375,24.283593624830246,26.39142858414423,0.0013997440425796118,0.0006171457319587895,0.007710849360473171,0.009675861183124024,0.0019265547148918927,0.0015488058669799187,0.10719794551502826,-0.11862196660094271,-0.07986816449111644,0.30976963155255177,0.0007825983106208223,0.0014924243627254712,0.033333333333333215,0.0,0.14550907258064516,0,0.0,-4.965156093239784
2011-03-31,16920.632,9.033333333333333,91.835,0.15666666666666668,2.763709677419355,1325.8299560546875,18.61483860015869,-0.0023720489710901127,0.05422055644858914,-0.036421109641046834,9.7362889847085,9.74408110095757,-0.007792116249071057,9.737660211282318,-0.0012988687661726393,-7.235780764552348e-05,0.008396440846085929,-0.003001564924955025,1,9.5,9.466666666666667,91.07033333333334,90.49066666666666,0.18666666666666668,0.18666666666666668,2.391290322580645,2.24578125,1257.6400146484375,1141.199951171875,19.31843753159046,24.283593624830246,0.0017026961587823857,0.0013997440425796118,0.005251102608268665,0.007710849360473171,0.0064058171745153825,0.0019265547148918927,0.1020330077625684,0.10719794551502826,-0.20446545803512606,-0.07986816449111644,0.00030295211620277396,0.0007825983106208223,-0.4666666666666668,-0.03,0.3724193548387098,0,0.0,-0.7035989314317703
2011-06-30,17035.114,9.066666666666666,92.738,0.09333333333333334,2.63984126984127,1320.6400146484375,17.48238103351896,0.0067658229314366825,-0.003914484947748376,-0.06083628179457212,9.743032022177166,9.74782590653974,-0.004793884362573664,9.742811031122825,0.0001760427812252129,4.4948273116155563e-05,0.0098328523983231,0.0014749115473978523,0,9.033333333333333,9.5,91.835,91.07033333333334,0.15666666666666668,0.18666666666666668,2.763709677419355,2.391290322580645,1325.8299560546875,1257.6400146484375,18.61483860015869,19.31843753159046,-0.0012988687661726393,0.0017026961587823857,-0.0023720489710901127,0.005251102608268665,0.008396440846085929,0.0064058171745153825,0.05422055644858914,0.1020330077625684,-0.036421109641046834,-0.20446545803512606,-0.003001564924955025,0.00030295211620277396,0.033333333333333215,-0.06333333333333334,-0.12386840757808493,0,0.0,-1.132457566639733
2011-09-30,17031.313,9.0,93.16666666666667,0.08333333333333333,2.135,1131.4200439453125,30.583593621850014,-0.00022312735917140447,-0.14327899246146691,0.7493952089942502,9.742808869921381,9.751822765605942,-0.00901389568456068,9.745243447440721,-0.0023351261065236357,-9.945141281631755e-05,0.0046223410755750205,-0.0025111688877488486,1,9.066666666666666,9.033333333333333,92.738,91.835,0.09333333333333334,0.15666666666666668,2.63984126984127,2.763709677419355,1320.6400146484375,1325.8299560546875,17.48238103351896,18.61483860015869,0.0001760427812252129,-0.0012988687661726393,0.0067658229314366825,-0.0023720489710901127,0.0098328523983231,0.008396440846085929,-0.003914484947748376,0.05422055644858914,-0.06083628179457212,-0.036421109641046834,0.0014749115473978523,-0.003001564924955025,-0.06666666666666643,-0.010000000000000009,-0.5048412698412701,0,0.0,13.101212588331055
2011-12-31,17222.583,8.633333333333333,93.47433333333333,0.07333333333333335,1.7831147540983605,1257.5999755859375,29.939523818000914,0.011230490567579965,0.11152350739750894,-0.021059323891517878,9.753976766732846,9.75606446682236,-0.0020877000895147546,9.753701844307727,0.00025444785677632516,2.0474568342292588e-05,0.0033023255813953156,0.002589573963299961,1,9.0,9.066666666666666,93.16666666666667,92.738,0.08333333333333333,0.09333333333333334,2.135,2.63984126984127,1131.4200439453125,1320.6400146484375,30.583593621850014,17.48238103351896,-0.0023351261065236357,0.0001760427812252129,-0.00022312735917140447,0.0067658229314366825,0.0046223410755750205,0.0098328523983231,-0.14327899246146691,-0.003914484947748376,0.7493952089942502,-0.06083628179457212,-0.0025111688877488486,0.0014749115473978523,-0.36666666666666714,-0.009999999999999981,-0.3518852459016393,0,0.0,-0.6440698038490993
2012-03-31,17367.01,8.266666666666667,94.09400000000001,0.10333333333333333,1.750483870967742,1408.469970703125,18.204032267293623,0.00838590819971663,0.11996660149972938,-0.39197321981625555,9.762327708551636,9.760538165170379,0.0017895433812569195,9.760923914505133,0.0013625114132910375,4.1282633211999886e-05,0.006629270780214247,0.0011080635565147124,0,8.633333333333333,9.0,93.47433333333333,93.16666666666667,0.07333333333333335,0.08333333333333333,1.7831147540983605,2.135,1257.5999755859375,1131.4200439453125,29.939523818000914,30.583593621850014,0.00025444785677632516,-0.0023351261065236357,0.011230490567579965,-0.00022312735917140447,0.0033023255813953156,0.0046223410755750205,0.11152350739750894,-0.14327899246146691,-0.021059323891517878,0.7493952089942502,0.002589573963299961,-0.0025111688877488486,-0.36666666666666536,0.029999999999999985,-0.03263088313061857,0,0.0,-11.735491550707291
2012-06-30,17444.525,8.2,94.32133333333333,0.15333333333333335,1.53625,1362.1600341796875,20.035714210025848,0.004463347461653111,-0.03287960516497135,0.10061957240227071,9.766781124817959,9.765229710818826,0.0015514139991328335,9.765649061775697,0.0010995698842125997,3.2493158048722305e-05,0.0024160236926193956,-0.0002629415290784378,0,8.266666666666667,8.633333333333333,94.09400000000001,93.47433333333333,0.10333333333333333,0.07333333333333335,1.750483870967742,1.7831147540983605,1408.469970703125,1257.5999755859375,18.204032267293623,29.939523818000914,0.0013625114132910375,0.00025444785677632516,0.00838590819971663,0.011230490567579965,0.006629270780214247,0.0033023255813953156,0.11996660149972938,0.11152350739750894,-0.39197321981625555,-0.021059323891517878,0.0011080635565147124,0.002589573963299961,-0.0666666666666682,0.05000000000000002,-0.21423387096774205,0,0.0,1.8316819427322244
2012-09-30,17469.65,8.033333333333333,94.59533333333333,0.14333333333333334,1.3834920634920633,1440.6700439453125,16.192698403010294,0.0014402799732293747,0.05763640673315229,-0.19180827629755837,9.76822036858282,9.770126072401148,-0.001905703818326998,9.768409993390652,-0.00018891956180842109,-7.052460226025597e-07,0.002904963175527575,-0.0012884894460210208,0,8.2,8.266666666666667,94.32133333333333,94.09400000000001,0.15333333333333335,0.10333333333333333,1.53625,1.750483870967742,1362.1600341796875,1408.469970703125,20.035714210025848,18.204032267293623,0.0010995698842125997,0.0013625114132910375,0.004463347461653111,0.00838590819971663,0.0024160236926193956,0.006629270780214247,-0.03287960516497135,0.11996660149972938,0.10061957240227071,-0.39197321981625555,-0.0002629415290784378,0.0011080635565147124,-0.16666666666666607,-0.010000000000000009,-0.15275793650793656,0,0.0,-3.8430158070155542
2012-12-31,17489.852,7.8,95.12566666666667,0.16,1.4395081967213115,1426.18994140625,16.75290323072864,0.0011564055376036553,-0.010050949972839285,0.034596137949077344,9.769376105998571,9.77521518818454,-0.005839082185968181,9.77121829404561,-0.001766689201405983,-7.549884563318979e-05,0.005606337169557385,-0.001577769639597562,1,8.033333333333333,8.2,94.59533333333333,94.32133333333333,0.14333333333333334,0.15333333333333335,1.3834920634920633,1.53625,1440.6700439453125,1362.1600341796875,16.192698403010294,20.035714210025848,-0.00018891956180842109,0.0010995698842125997,0.0014402799732293747,0.004463347461653111,0.002904963175527575,0.0024160236926193956,0.05763640673315229,-0.03287960516497135,-0.19180827629755837,0.10061957240227071,-0.0012884894460210208,-0.0002629415290784378,-0.2333333333333334,0.016666666666666663,0.056016133229248144,0,0.0,0.5602048277183478
2013-03-31,17662.4,7.733333333333333,95.459,0.14333333333333334,1.6881666666666666,1569.18994140625,13.527000029881796,0.009865606638638447,0.10026714945065396,-0.19255786035520128,9.779193365264087,9.780483805371302,-0.0012904401072155736,9.778603887955544,0.0005387582245479766,5.0719083994664156e-05,0.003504136633295518,0.0023054474259539596,0,7.8,8.033333333333333,95.12566666666667,94.59533333333333,0.16,0.14333333333333334,1.4395081967213115,1.3834920634920633,1426.18994140625,1440.6700439453125,16.75290323072864,16.192698403010294,-0.001766689201405983,-0.00018891956180842109,0.0011564055376036553,0.0014402799732293747,0.005606337169557385,0.002904963175527575,-0.010050949972839285,0.05763640673315229,0.034596137949077344,-0.19180827629755837,-0.001577769639597562,-0.0012884894460210208,-0.06666666666666643,-0.016666666666666663,0.24865846994535512,0,0.0,-3.2259032008468456
2013-06-30,17709.671,7.533333333333334,95.50833333333333,0.11666666666666665,1.71609375,1606.280029296875,14.837031200528145,0.0026763633481292626,0.02363645528939995,0.09684565445053805,9.781866153529224,9.78591502173737,-0.004048868208146317,9.782924107805357,-0.0010095562917263622,-4.839798440672621e-05,0.0005168012794323218,-0.0015483145162743389,1,7.733333333333333,7.8,95.459,95.12566666666667,0.14333333333333334,0.16,1.6881666666666666,1.4395081967213115,1569.18994140625,1426.18994140625,13.527000029881796,16.75290323072864,0.0005387582245479766,-0.001766689201405983,0.009865606638638447,0.0011564055376036553,0.003504136633295518,0.005606337169557385,0.10026714945065396,-0.010050949972839285,-0.19255786035520128,0.034596137949077344,0.0023054474259539596,-0.001577769639597562,-0.1999999999999993,-0.026666666666666686,0.02792708333333338,0,0.0,1.310031170646349
2013-09-30,17860.45,7.233333333333333,95.90066666666667,0.08333333333333333,2.340625,1681.550048828125,14.279687568545341,0.00851393569084391,0.04685983649077574,-0.037564363412740165,9.790344050081721,9.791491128533611,-0.0011470784518898824,9.790180730590603,0.00016238527772050629,9.34213398079062e-07,0.004107843992670945,0.0011719415694468685,1,7.533333333333334,7.733333333333333,95.50833333333333,95.459,0.11666666666666665,0.14333333333333334,1.71609375,1.6881666666666666,1606.280029296875,1569.18994140625,14.837031200528145,13.527000029881796,-0.0010095562917263622,0.0005387582245479766,0.0026763633481292626,0.009865606638638447,0.0005168012794323218,0.003504136633295518,0.02363645528939995,0.10026714945065396,0.09684565445053805,-0.19255786035520128,-0.0015483145162743389,0.0023054474259539596,-0.3000000000000007,-0.033333333333333326,0.6245312500000002,0,0.0,-0.5573436319828033
2013-12-31,18016.147,6.933333333333334,96.25433333333332,0.08666666666666667,2.416935483870968,1848.3599853515625,14.232812464237213,0.008717417534272576,0.09920010209609131,-0.0032826421504755787,9.799023690319984,9.797191886468262,0.0018318038517222135,9.797386175859469,0.001543382261071818,9.413219944381414e-05,0.003687843671576818,0.0013809969833513118,0,7.233333333333333,7.533333333333334,95.90066666666667,95.50833333333333,0.08333333333333333,0.11666666666666665,2.340625,1.71609375,1681.550048828125,1606.280029296875,14.279687568545341,14.837031200528145,0.00016238527772050629,-0.0010095562917263622,0.00851393569084391,0.0026763633481292626,0.004107843992670945,0.0005168012794323218,0.04685983649077574,0.02363645528939995,-0.037564363412740165,0.09684565445053805,0.0011719415694468685,-0.0015483145162743389,-0.2999999999999998,0.003333333333333341,0.07631048387096762,0,0.0,-0.04687510430812836
2014-03-31,17953.974,6.666666666666667,96.69633333333333,0.07333333333333335,2.3906557377049182,1872.3399658203125,14.828852528431376,-0.0034509598528477126,0.012973652675233094,0.041877883636268765,9.795566762170324,9.802996339325528,-0.007429577155203759,9.798897059030272,-0.0031898650145233782,-0.00014043184542485588,0.00459200105276647,-0.004733247275595196,1,6.933333333333334,7.233333333333333,96.25433333333332,95.90066666666667,0.08666666666666667,0.08333333333333333,2.416935483870968,2.340625,1848.3599853515625,1681.550048828125,14.232812464237213,14.279687568545341,0.001543382261071818,0.00016238527772050629,0.008717417534272576,0.00851393569084391,0.003687843671576818,0.004107843992670945,0.09920010209609131,0.04685983649077574,-0.0032826421504755787,-0.037564363412740165,0.0013809969833513118,0.0011719415694468685,-0.2666666666666666,-0.013333333333333322,-0.026279746166049556,0,0.0,0.5960400641941632
2014-06-30,18185.911,6.2,97.129,0.09333333333333334,2.2014285714285715,1960.22998046875,12.738253971887014,0.012918421292132942,0.04694126934898324,-0.14098181585770408,9.808402452399474,9.808884675767022,-0.00048222336754832895,9.808917240910604,-0.0005129005090425552,-1.8880020884039055e-06,0.004474488863762671,0.002676964505480823,1,6.666666666666667,6.933333333333334,96.69633333333333,96.25433333333332,0.07333333333333335,0.08666666666666667,2.3906557377049182,2.416935483870968,1872.3399658203125,1848.3599853515625,14.828852528431376,14.232812464237213,-0.0031898650145233782,0.001543382261071818,-0.0034509598528477126,0.008717417534272576,0.00459200105276647,0.003687843671576818,0.012973652675233094,0.09920010209609131,0.041877883636268765,-0.0032826421504755787,-0.004733247275595196,0.0013809969833513118,-0.4666666666666668,0.01999999999999999,-0.18922716627634673,0,0.0,-2.0905985565443626
2014-09-30,18406.941,6.066666666666666,97.39433333333334,0.09000000000000001,1.9845312499999999,1972.2900390625,13.074375003576279,0.012153914093167906,0.006152369218874076,0.02638674283234388,9.820483100725255,9.814832440968633,0.005650659756621934,9.819056396542114,0.0013660970983600293,6.0607084780585395e-05,0.002731762226866552,0.0018789976074025845,0,6.2,6.666666666666667,97.129,96.69633333333333,0.09333333333333334,0.07333333333333335,2.2014285714285715,2.3906557377049182,1960.22998046875,1872.3399658203125,12.738253971887014,14.828852528431376,-0.0005129005090425552,-0.0031898650145233782,0.012918421292132942,-0.0034509598528477126,0.004474488863762671,0.00459200105276647,0.04694126934898324,0.012973652675233094,-0.14098181585770408,0.041877883636268765,0.002676964505480823,-0.004733247275595196,-0.13333333333333375,-0.003333333333333327,-0.21689732142857165,0,0.0,0.3361210316892649
2014-12-31,18500.031,5.7,97.265,0.09999999999999999,1.7393548387096776,2058.89990234375,16.063750088214874,0.0050573313621204985,0.04391335025066545,0.2286438230371166,9.825527686740688,9.820814878716645,0.004712808024043724,9.825528477538105,2.29964765243044e-05,-2.3787273941187437e-05,-0.0013279348901202859,-0.001343100621835725,1,6.066666666666666,6.2,97.39433333333334,97.129,0.09000000000000001,0.09333333333333334,1.9845312499999999,2.2014285714285715,1972.2900390625,1960.22998046875,13.074375003576279,12.738253971887014,0.0013660970983600293,-0.0005129005090425552,0.012153914093167906,0.012918421292132942,0.002731762226866552,0.004474488863762671,0.006152369218874076,0.04694126934898324,0.02638674283234388,-0.14098181585770408,0.0018789976074025845,0.002676964505480823,-0.36666666666666625,0.009999999999999981,-0.2451764112903223,0,0.0,2.9893750846385956
2015-03-31,18666.621,5.533333333333334,96.829,0.11,1.3642622950819672,2067.889892578125,16.56475407959985,0.009004849775657187,0.004366404711633187,0.031188482678931706,9.834492234617613,9.826810764459688,0.007681470157924863,9.83344274880426,0.0010195236511075915,2.9962162246475934e-05,-0.004482599084974059,0.0009965271745832872,0,5.7,6.066666666666666,97.265,97.39433333333334,0.09999999999999999,0.09000000000000001,1.7393548387096776,1.9845312499999999,2058.89990234375,1972.2900390625,16.063750088214874,13.074375003576279,2.29964765243044e-05,0.0013660970983600293,0.0050573313621204985,0.012153914093167906,-0.0013279348901202859,0.002731762226866552,0.04391335025066545,0.006152369218874076,0.2286438230371166,0.02638674283234388,-0.001343100621835725,0.0018789976074025845,-0.16666666666666607,0.010000000000000009,-0.3750925436277104,0,0.0,0.5010039913849766
2015-06-30,18782.243,5.433333333333334,97.31233333333334,0.12333333333333334,1.55171875,2063.110107421875,13.740158762250628,0.0061940508675886186,-0.002311431171168832,-0.1705183973016432,9.84066718120015,9.83280181915141,0.00786536204874011,9.839543853075568,0.0010960199145191355,2.730821006235529e-05,0.004991617525052838,7.6496263411544e-05,0,5.533333333333334,5.7,96.829,97.265,0.11,0.09999999999999999,1.3642622950819672,1.7393548387096776,2067.889892578125,2058.89990234375,16.56475407959985,16.063750088214874,0.0010195236511075915,2.29964765243044e-05,0.009004849775657187,0.0050573313621204985,-0.004482599084974059,-0.0013279348901202859,0.004366404711633187,0.04391335025066545,0.031188482678931706,0.2286438230371166,0.0009965271745832872,-0.001343100621835725,-0.10000000000000053,0.013333333333333336,0.18745645491803287,0,0.0,-2.824595317349223
2015-09-30,18857.418,5.1000000000000005,97.56466666666667,0.1366666666666667,1.530625,1920.030029296875,19.307343780994415,0.004002450612528241,-0.06935164420467954,0.40517617846155707,9.84466164331584,9.8387745646643,0.005887078651539923,9.843992318815804,0.0006479411122486884,2.1383387787295366e-05,0.0025930252074932714,-0.0004480788022704471,0,5.433333333333334,5.533333333333334,97.31233333333334,96.829,0.12333333333333334,0.11,1.55171875,1.3642622950819672,2063.110107421875,2067.889892578125,13.740158762250628,16.56475407959985,0.0010960199145191355,0.0010195236511075915,0.0061940508675886186,0.009004849775657187,0.004991617525052838,-0.004482599084974059,-0.002311431171168832,0.004366404711633187,-0.1705183973016432,0.031188482678931706,7.6496263411544e-05,0.0009965271745832872,-0.33333333333333304,0.01333333333333335,-0.021093750000000133,0,0.0,5.567185018743787
2015-12-31,18892.206,5.033333333333333,97.49033333333334,0.16,1.352258064516129,2043.93994140625,17.033281311392784,0.0018447912646364362,0.06453540320655904,-0.11778225401674114,9.846504735042945,9.84472043872213,0.0017842963208156704,9.847147590173414,-0.0006109775951988825,-3.1877535269806594e-05,-0.0007618878419098918,-0.001258918707447571,1,5.1000000000000005,5.433333333333334,97.56466666666667,97.31233333333334,0.1366666666666667,0.12333333333333334,1.530625,1.55171875,1920.030029296875,2063.110107421875,19.307343780994415,13.740158762250628,0.0006479411122486884,0.0010960199145191355,0.004002450612528241,0.0061940508675886186,0.0025930252074932714,0.004991617525052838,-0.06935164420467954,-0.002311431171168832,0.40517617846155707,-0.1705183973016432,-0.0004480788022704471,7.6496263411544e-05,-0.06666666666666732,0.023333333333333317,-0.17836693548387084,0,0.0,-2.274062469601631
2016-03-31,19001.69,4.8999999999999995,97.538,0.36000000000000004,1.078032786885246,2059.739990234375,20.486229490061277,0.005795194060450148,0.007730192315364315,0.20271773333297638,9.852283201561416,9.850634558472828,0.001648643088588031,9.85223574501652,3.1271383667391185e-05,1.6185161229071376e-05,0.0004889373647301021,0.0006422489788662737,0,5.033333333333333,5.1000000000000005,97.49033333333334,97.56466666666667,0.16,0.1366666666666667,1.352258064516129,1.530625,2043.93994140625,1920.030029296875,17.033281311392784,19.307343780994415,-0.0006109775951988825,0.0006479411122486884,0.0018447912646364362,0.004002450612528241,-0.0007618878419098918,0.0025930252074932714,0.06453540320655904,-0.06935164420467954,-0.11778225401674114,0.40517617846155707,-0.001258918707447571,-0.0004480788022704471,-0.13333333333333375,0.20000000000000004,-0.2742252776308831,0,0.0,3.4529481786684926
2016-06-30,19062.709,4.933333333333334,98.157,0.37333333333333335,0.97890625,2098.860107421875,15.675937503576279,0.003211240684381167,0.018992745381929854,-0.2348061164119376,9.85548929722409,9.85651315624953,-0.0010238590254409985,9.856347238512708,-0.0008238441312167979,-3.409715740169332e-05,0.0063462445405892964,-0.000855115514884189,1,4.8999999999999995,5.033333333333333,97.538,97.49033333333334,0.36000000000000004,0.16,1.078032786885246,1.352258064516129,2059.739990234375,2043.93994140625,20.486229490061277,17.033281311392784,3.1271383667391185e-05,-0.0006109775951988825,0.005795194060450148,0.0018447912646364362,0.0004889373647301021,-0.0007618878419098918,0.007730192315364315,0.06453540320655904,0.20271773333297638,-0.11778225401674114,0.0006422489788662737,-0.001258918707447571,0.0333333333333341,0.013333333333333308,-0.09912653688524597,0,0.0,-4.810291986484998
2016-09-30,19197.938,4.8999999999999995,98.49566666666665,0.39666666666666667,0.83625,2168.27001953125,13.233906269073486,0.007093902550786346,0.03307028985111082,-0.1557821491662411,9.862558156415194,9.8623534947873,0.0002046616278938984,9.86252730324796,2.1098326854521713e-05,9.754840378980463e-06,0.0034502548638064567,0.0008449424580713196,0,4.933333333333334,4.8999999999999995,98.157,97.538,0.37333333333333335,0.36000000000000004,0.97890625,1.078032786885246,2098.860107421875,2059.739990234375,15.675937503576279,20.486229490061277,-0.0008238441312167979,3.1271383667391185e-05,0.003211240684381167,0.005795194060450148,0.0063462445405892964,0.0004889373647301021,0.018992745381929854,0.007730192315364315,-0.2348061164119376,0.20271773333297638,-0.000855115514884189,0.0006422489788662737,-0.0333333333333341,0.023333333333333317,-0.14265624999999993,0,0.0,-2.4420312345027924
2016-12-31,19304.352,4.766666666666667,98.94666666666666,0.45,1.1291803278688524,2238.830078125,14.09793646373446,0.005542991127484687,0.03254209944248743,0.06528912757075656,9.868085841701404,9.868152196909309,-6.635520790432281e-05,9.86812075049954,-3.861949800005023e-05,3.710699865214071e-06,0.0045788816428473655,-5.9717824854571945e-05,0,4.8999999999999995,4.933333333333334,98.49566666666665,98.157,0.39666666666666667,0.37333333333333335,0.83625,0.97890625,2168.27001953125,2098.860107421875,13.233906269073486,15.675937503576279,2.1098326854521713e-05,-0.0008238441312167979,0.007093902550786346,0.003211240684381167,0.0034502548638064567,0.0063462445405892964,0.03307028985111082,0.018992745381929854,-0.1557821491662411,-0.2348061164119376,0.0008449424580713196,-0.000855115514884189,-0.13333333333333286,0.053333333333333344,0.2929303278688523,0,0.0,0.8640301946609732
2017-03-31,19398.343,4.566666666666666,99.524,0.7000000000000001,1.202258064516129,2362.719970703125,11.691935508481917,0.004868902100417571,0.05533688947125537,-0.17066334221619883,9.87294292903244,9.873906013352245,-0.0009630843198049632,9.873493645857195,-0.0005394789405593713,-1.1237884195344316e-05,0.0058347931545614795,-0.0005008594425593211,0,4.766666666666667,4.8999999999999995,98.94666666666666,98.49566666666665,0.45,0.39666666666666667,1.1291803278688524,0.83625,2238.830078125,2168.27001953125,14.09793646373446,13.233906269073486,-3.861949800005023e-05,2.1098326854521713e-05,0.005542991127484687,0.007093902550786346,0.0045788816428473655,0.0034502548638064567,0.03254209944248743,0.03307028985111082,0.06528912757075656,-0.1557821491662411,-5.9717824854571945e-05,0.0008449424580713196,-0.20000000000000018,0.25000000000000006,0.07307773664727657,0,0.0,-2.4060009552525425
2017-06-30,19506.949,4.366666666666667,99.72433333333333,0.9500000000000001,0.9633333333333334,2423.409912109375,11.426349231175013,0.005598725623111145,0.025686472438030572,-0.022715338885869962,9.878526040045418,9.879611653380797,-0.00108561333537871,9.879551290312484,-0.0009986596819955115,-2.6590585070501976e-05,0.002012914807818511,-0.00045918074143614024,0,4.566666666666666,4.766666666666667,99.524,98.94666666666666,0.7000000000000001,0.45,1.202258064516129,1.1291803278688524,2362.719970703125,2238.830078125,11.691935508481917,14.09793646373446,-0.0005394789405593713,-3.861949800005023e-05,0.004868902100417571,0.005542991127484687,0.0058347931545614795,0.0045788816428473655,0.05533688947125537,0.03254209944248743,-0.17066334221619883,0.06528912757075656,-0.0005008594425593211,-5.9717824854571945e-05,-0.1999999999999993,0.25,-0.23892473118279556,0,0.0,-0.26558627730690354
2017-09-30,19660.766,4.333333333333333,100.07666666666667,1.1533333333333333,0.8787301587301587,2519.360107421875,10.944285695514981,0.00788524130554702,0.039593052266169604,-0.04218876264912308,9.886380355302267,9.885265224331953,0.0011151309703141266,9.887223088828407,-0.000811869864318644,-3.0863661821194316e-05,0.0035330728374551867,0.00018678981767686754,1,4.366666666666667,4.566666666666666,99.72433333333333,99.524,0.9500000000000001,0.7000000000000001,0.9633333333333334,1.202258064516129,2423.409912109375,2362.719970703125,11.426349231175013,11.691935508481917,-0.0009986596819955115,-0.0005394789405593713,0.005598725623111145,0.004868902100417571,0.002012914807818511,0.0058347931545614795,0.025686472438030572,0.05533688947125537,-0.022715338885869962,-0.17066334221619883,-0.00045918074143614024,-0.0005008594425593211,-0.0333333333333341,0.20333333333333325,-0.08460317460317468,0,0.0,-0.482063535660032
2017-12-31,19882.352,4.166666666666667,100.67566666666666,1.2033333333333334,0.6770967741935483,2673.610107421875,10.307936501881432,0.011270466267692791,0.06122586427624599,-0.058144424527799776,9.89758778307166,9.890862155034354,0.006725628037306919,9.89676677638796,0.0007918816739838316,2.912500971705514e-05,0.005985411184758149,0.0016037515383024756,0,4.333333333333333,4.366666666666667,100.07666666666667,99.72433333333333,1.1533333333333333,0.9500000000000001,0.8787301587301587,0.9633333333333334,2519.360107421875,2423.409912109375,10.944285695514981,11.426349231175013,-0.000811869864318644,-0.0009986596819955115,0.00788524130554702,0.005598725623111145,0.0035330728374551867,0.002012914807818511,0.039593052266169604,0.025686472438030572,-0.04218876264912308,-0.022715338885869962,0.00018678981767686754,-0.00045918074143614024,-0.16666666666666607,0.050000000000000044,-0.2016333845366104,0,0.0,-0.6363491936335492
2018-03-31,20044.077,4.033333333333333,101.37966666666667,1.4466666666666665,0.5980327868852459,2640.8701171875,17.354754135256908,0.008134098018182323,-0.012245611334087081,0.6836302912895584,9.90568897762083,9.8963985712735,0.009290406347330915,9.904548392269678,0.001109314368678816,3.127098247309671e-05,0.006992752303601968,0.00031743269469498435,0,4.166666666666667,4.333333333333333,100.67566666666666,100.07666666666667,1.2033333333333334,1.1533333333333333,0.6770967741935483,0.8787301587301587,2673.610107421875,2519.360107421875,10.307936501881432,10.944285695514981,0.0007918816739838316,-0.000811869864318644,0.011270466267692791,0.00788524130554702,0.005985411184758149,0.0035330728374551867,0.06122586427624599,0.039593052266169604,-0.058144424527799776,-0.04218876264912308,0.0016037515383024756,0.00018678981767686754,-0.13333333333333375,0.24333333333333318,-0.07906398730830244,0,0.0,7.0468176333754755
2018-06-30,20150.476,3.9333333333333336,101.91199999999999,1.7366666666666666,0.44359375,2718.3701171875,15.337500035762787,0.005308251410129694,0.02934638833451486,-0.11623639746045067,9.910983189924599,9.901874802352406,0.009108387572192456,9.910436976830551,0.0005449702706764646,1.2428233707674399e-06,0.005250888573974377,-0.0005643440980023513,0,4.033333333333333,4.166666666666667,101.37966666666667,100.67566666666666,1.4466666666666665,1.2033333333333334,0.5980327868852459,0.6770967741935483,2640.8701171875,2673.610107421875,17.354754135256908,10.307936501881432,0.001109314368678816,0.0007918816739838316,0.008134098018182323,0.011270466267692791,0.006992752303601968,0.005985411184758149,-0.012245611334087081,0.06122586427624599,0.6836302912895584,-0.058144424527799776,0.00031743269469498435,0.0016037515383024756,-0.09999999999999964,0.29000000000000004,-0.15443903688524585,0,0.0,-2.017254099494121
2018-09-30,20276.154,3.766666666666667,102.25433333333335,1.9233333333333331,0.25793650793650796,2913.97998046875,12.856825404696995,0.0062369742531143135,0.071958510007325,-0.16173917687247263,9.917200794749824,9.907296984078062,0.009903810671762159,9.916250549064488,0.0009092457061152797,4.09999792212463e-05,0.003359107203600775,0.00036427543543881506,0,3.9333333333333336,4.033333333333333,101.91199999999999,101.37966666666667,1.7366666666666666,1.4466666666666665,0.44359375,0.5980327868852459,2718.3701171875,2640.8701171875,15.337500035762787,17.354754135256908,0.0005449702706764646,0.001109314368678816,0.005308251410129694,0.008134098018182323,0.005250888573974377,0.006992752303601968,0.02934638833451486,-0.012245611334087081,-0.11623639746045067,0.6836302912895584,-0.0005643440980023513,0.00031743269469498435,-0.16666666666666652,0.18666666666666654,-0.18565724206349205,0,0.0,-2.480674631065792
2018-12-31,20304.874,3.8333333333333335,102.642,2.22,0.23836065573770493,2506.85009765625,21.05365064409044,0.001416442191157108,-0.1397160878047653,0.6375465934536912,9.918616234733008,9.912676944999685,0.00593928973332325,9.919582047782189,-0.0009246142845630496,-4.119876461770302e-05,0.003791200372926129,-0.0018338599906783293,0,3.766666666666667,3.9333333333333336,102.25433333333335,101.91199999999999,1.9233333333333331,1.7366666666666666,0.25793650793650796,0.44359375,2913.97998046875,2718.3701171875,12.856825404696995,15.337500035762787,0.0009092457061152797,0.0005449702706764646,0.0062369742531143135,0.005308251410129694,0.003359107203600775,0.005250888573974377,0.071958510007325,0.02934638833451486,-0.16173917687247263,-0.11623639746045067,0.00036427543543881506,-0.0005643440980023513,0.06666666666666643,0.2966666666666671,-0.019575852198803034,0,0.0,8.196825239393444
2019-03-31,20431.641,3.8666666666666667,102.851,2.4033333333333333,0.1678688524590164,2834.39990234375,16.4699999387147,0.006243180824466066,0.13066190315637094,-0.21771286998449013,9.924840007640276,9.918032703548166,0.006807304092109945,9.925409501314217,-0.0005495719639744615,-1.992170996686221e-05,0.002036203503439138,0.00037504232058858814,1,3.8333333333333335,3.766666666666667,102.642,102.25433333333335,2.22,1.9233333333333331,0.23836065573770493,0.25793650793650796,2506.85009765625,2913.97998046875,21.05365064409044,12.856825404696995,-0.0009246142845630496,0.0009092457061152797,0.001416442191157108,0.0062369742531143135,0.003791200372926129,0.003359107203600775,-0.1397160878047653,0.071958510007325,0.6375465934536912,-0.16173917687247263,-0.0018338599906783293,0.00036427543543881506,0.033333333333333215,0.18333333333333313,-0.07049180327868854,0,0.0,-4.583650705375739
2019-06-30,20602.275,3.6333333333333333,103.42633333333333,2.3966666666666665,0.21095238095238095,2941.760009765625,15.183015777951194,0.0083514584070854,0.037877544143682496,-0.0781411150912209,9.933156785573171,9.923385990210479,0.009770795362692652,9.932444711419434,0.000723514239564725,-1.1440085827306348e-05,0.005593852595826343,0.0012730862035391865,1,3.8666666666666667,3.8333333333333335,102.851,102.642,2.4033333333333333,2.22,0.1678688524590164,0.23836065573770493,2834.39990234375,2506.85009765625,16.4699999387147,21.05365064409044,-0.0005495719639744615,-0.0009246142845630496,0.006243180824466066,0.001416442191157108,0.002036203503439138,0.003791200372926129,0.13066190315637094,-0.1397160878047653,-0.21771286998449013,0.6375465934536912,0.00037504232058858814,-0.0018338599906783293,-0.2333333333333334,-0.006666666666666821,0.043083528493364553,0,0.0,-1.286984160763506
2019-09-30,20843.322,3.6,103.675,2.19,0.11203125,2976.739990234375,15.960156202316284,0.01170001856591063,0.011890834178392762,0.051184852583348706,9.944788888154081,9.928762790038652,0.016026098115428766,9.940173529736947,0.004528726436941424,8.663198019213947e-05,0.002404287753924761,0.0038052121973766993,1,3.6333333333333333,3.8666666666666667,103.42633333333333,102.851,2.3966666666666665,2.4033333333333333,0.21095238095238095,0.1678688524590164,2941.760009765625,2834.39990234375,15.183015777951194,16.4699999387147,0.000723514239564725,-0.0005495719639744615,0.0083514584070854,0.006243180824466066,0.005593852595826343,0.002036203503439138,0.037877544143682496,0.13066190315637094,-0.0781411150912209,-0.21771286998449013,0.0012730862035391865,0.00037504232058858814,-0.033333333333333215,-0.20666666666666655,-0.09892113095238095,0,0.0,0.7771404243650899
2019-12-31,20985.448,3.6,104.08266666666667,1.6433333333333333,0.20080645161290323,3230.780029296875,13.985781237483025,0.006818778695641736,0.08534169591429386,-0.12370649383410925,9.951584524122135,9.934195194831819,0.01738932929031556,9.942657225480335,0.008692973272145884,0.00023432536965331367,0.0039321597942287845,0.004164246835204459,0,3.6,3.6333333333333333,103.675,103.42633333333333,2.19,2.3966666666666665,0.11203125,0.21095238095238095,2976.739990234375,2941.760009765625,15.960156202316284,15.183015777951194,0.004528726436941424,0.000723514239564725,0.01170001856591063,0.0083514584070854,0.002404287753924761,0.005593852595826343,0.011890834178392762,0.037877544143682496,0.051184852583348706,-0.0781411150912209,0.0038052121973766993,0.0012730862035391865,0.0,-0.5466666666666666,0.08877520161290323,0,0.0,-1.9743749648332596
2020-03-31,20709.212,3.8333333333333335,104.44466666666666,1.26,0.2835483870967742,2584.590087890625,31.22451622255387,-0.013163216720462723,-0.20001050382463903,1.2325900636047162,9.938333904414169,9.939725312700434,-0.0013914082862651611,9.930955566369592,0.0068693173616145,0.0005090206829619377,0.0034780046629601102,-0.0018236559105313833,0,3.6,3.6,104.08266666666667,103.675,1.6433333333333333,2.19,0.20080645161290323,0.11203125,3230.780029296875,2976.739990234375,13.985781237483025,15.960156202316284,0.008692973272145884,0.004528726436941424,0.006818778695641736,0.01170001856591063,0.0039321597942287845,0.002404287753924761,0.08534169591429386,0.011890834178392762,-0.12370649383410925,0.051184852583348706,0.004164246835204459,0.0038052121973766993,0.2333333333333334,-0.3833333333333333,0.08274193548387099,0,0.0,17.238734985070845
2020-06-30,19077.992,13.0,104.01666666666665,0.06,0.493968253968254,3100.2900390625,34.49365086025662,-0.07876784495711386,0.19952871969448593,0.1046976873685368,9.856290698373899,9.945406120085757,-0.08911542171185793,9.888446617171617,-0.030803181439897236,-0.0013527373578210503,-0.004097863621566833,-0.03767249880151174,1,3.8333333333333335,3.6,104.44466666666666,104.08266666666667,1.26,1.6433333333333333,0.2835483870967742,0.20080645161290323,2584.590087890625,3230.780029296875,31.22451622255387,13.985781237483025,0.0068693173616145,0.008692973272145884,-0.013163216720462723,0.006818778695641736,0.0034780046629601102,0.0039321597942287845,-0.20001050382463903,0.08534169591429386,1.2325900636047162,-0.12370649383410925,-0.0018236559105313833,0.004164246835204459,9.166666666666666,-1.2,0.2104198668714798,0,0.0,3.269134637702752
2020-09-30,20558.879,8.799999999999999,104.835,0.09333333333333334,0.5096875,3363.0,25.80890628695488,0.07762279174873354,0.0847372205914454,-0.25177806224357224,9.931048194736347,9.95128972379887,-0.020241529062523966,9.927875491506645,0.0027483587419471055,0.0004243444877542069,0.007867328953693464,0.03355154018184434,0,13.0,3.8333333333333335,104.01666666666665,104.44466666666666,0.06,1.26,0.493968253968254,0.2835483870967742,3100.2900390625,2584.590087890625,34.49365086025662,31.22451622255387,-0.030803181439897236,0.0068693173616145,-0.07876784495711386,-0.013163216720462723,-0.004097863621566833,0.0034780046629601102,0.19952871969448593,-0.20001050382463903,0.1046976873685368,1.2325900636047162,-0.03767249880151174,-0.0018236559105313833,-4.200000000000001,0.03333333333333334,0.01571924603174596,0,0.0,-8.684744573301742
2020-12-31,20791.917,6.766666666666667,105.36933333333333,0.09000000000000001,0.7148387096774194,3756.070068359375,25.62171870470047,0.011335151104298946,0.11688078155199966,-0.007252828933282718,9.94231958439339,9.95737253351229,-0.015052949118899761,9.94163168021645,0.0006938022911373984,-5.898114196863612e-06,0.005096898300503971,-0.002054556450809707,0,8.799999999999999,13.0,104.835,104.01666666666665,0.09333333333333334,0.06,0.5096875,0.493968253968254,3363.0,3100.2900390625,25.80890628695488,34.49365086025662,0.0027483587419471055,-0.030803181439897236,0.07762279174873354,-0.07876784495711386,0.007867328953693464,-0.004097863621566833,0.0847372205914454,0.19952871969448593,-0.25177806224357224,0.1046976873685368,0.03355154018184434,-0.03767249880151174,-2.0333333333333323,-0.003333333333333327,0.2051512096774194,0,0.0,-0.1871875822544098
2021-03-31,21082.134,6.233333333333333,106.56700000000001,0.08,1.2037704918032788,3972.889892578125,23.202458960111024,0.013958164607909662,0.0577251809132131,-0.09442222719218352,9.956181230928129,9.963638307942858,-0.0074570770147293075,9.955759845397536,0.0004346105830617509,-1.3225052468296482e-05,0.011366368456350529,-0.00025919170807564746,1,6.766666666666667,8.799999999999999,105.36933333333333,104.835,0.09000000000000001,0.09333333333333334,0.7148387096774194,0.5096875,3756.070068359375,3363.0,25.62171870470047,25.80890628695488,0.0006938022911373984,0.0027483587419471055,0.011335151104298946,0.07762279174873354,0.005096898300503971,0.007867328953693464,0.11688078155199966,0.0847372205914454,-0.007252828933282718,-0.25177806224357224,-0.002054556450809707,0.03355154018184434,-0.5333333333333332,-0.010000000000000009,0.4889317821258594,0,0.0,-2.4192597445894464
2021-06-30,21440.929,5.933333333333334,108.18433333333333,0.07,1.4165625,4297.5,17.999999969724623,0.01701891279127632,0.08170629345361147,-0.22422015698121966,9.973056944469892,9.970061397714218,0.002995546755673928,9.97069922094781,0.0022759295052368336,8.179401684624363e-05,0.01517668071103917,0.0018413189221750826,0,6.233333333333333,6.766666666666667,106.56700000000001,105.36933333333333,0.08,0.09000000000000001,1.2037704918032788,0.7148387096774194,3972.889892578125,3756.070068359375,23.202458960111024,25.62171870470047,0.0004346105830617509,0.0006938022911373984,0.013958164607909662,0.011335151104298946,0.011366368456350529,0.005096898300503971,0.0577251809132131,0.11688078155199966,-0.09442222719218352,-0.007252828933282718,-0.00025919170807564746,-0.002054556450809707,-0.2999999999999998,-0.009999999999999995,0.21279200819672117,0,0.0,-5.2024589903864005
2021-09-30,21617.828,5.066666666666666,109.65466666666667,0.09000000000000001,1.0990625,4307.5400390625,18.28906251490116,0.00825052869677445,0.0023362510907505296,0.016059030314596212,9.981273623611811,9.976611492776883,0.004662130834928391,9.980692120709174,0.0006275346287253693,-4.603172608811507e-05,0.013591000545365661,-0.0016483948765114642,1,5.933333333333334,6.233333333333333,108.18433333333333,106.56700000000001,0.07,0.08,1.4165625,1.2037704918032788,4297.5,3972.889892578125,17.999999969724623,23.202458960111024,0.0022759295052368336,0.0004346105830617509,0.01701891279127632,0.013958164607909662,0.01517668071103917,0.011366368456350529,0.08170629345361147,0.0577251809132131,-0.22422015698121966,-0.09442222719218352,0.0018413189221750826,-0.00025919170807564746,-0.8666666666666671,0.020000000000000004,-0.3174999999999999,0,0.0,0.28906254517653807
2021-12-31,21988.737,4.166666666666667,111.48433333333332,0.08,1.0016129032258065,4766.18017578125,19.274375021457672,0.01715755162822097,0.10647379538196211,0.05387441295876805,9.998285646701525,9.983260155298094,0.015025491403431346,9.99347553969941,0.0046313832914527606,0.00017872371066194465,0.016685716370180126,0.004003848662727391,0,5.066666666666666,5.933333333333334,109.65466666666667,108.18433333333333,0.09000000000000001,0.07,1.0990625,1.4165625,4307.5400390625,4297.5,18.28906251490116,17.999999969724623,0.0006275346287253693,0.0022759295052368336,0.00825052869677445,0.01701891279127632,0.013591000545365661,0.01517668071103917,0.0023362510907505296,0.08170629345361147,0.016059030314596212,-0.22422015698121966,-0.0016483948765114642,0.0018413189221750826,-0.8999999999999995,-0.010000000000000009,-0.09744959677419351,0,0.0,0.9853125065565109
2022-03-31,21932.71,3.8666666666666667,113.58166666666666,0.12,0.48661290322580647,4530.41015625,25.37290327010616,-0.002547986271335234,-0.049467290542075215,0.3164060179310173,9.995734408788572,9.989981861276865,0.005752547511706396,9.99543811754334,0.000317492458782111,-2.1201213550993718e-05,0.01881280777867156,-0.004313890832670649,0,4.166666666666667,5.066666666666666,111.48433333333332,109.65466666666667,0.08,0.09000000000000001,1.0016129032258065,1.0990625,4766.18017578125,4307.5400390625,19.274375021457672,18.28906251490116,0.0046313832914527606,0.0006275346287253693,0.01715755162822097,0.00825052869677445,0.016685716370180126,0.013591000545365661,0.10647379538196211,0.0023362510907505296,0.05387441295876805,0.016059030314596212,0.004003848662727391,-0.0016483948765114642,-0.30000000000000027,0.039999999999999994,-0.5150000000000001,0,0.0,6.098528248648488
2022-06-30,21967.045,3.6333333333333333,115.65833333333335,0.77,0.2120967741935484,3785.3798828125,27.353709836159982,0.0015654700217164752,-0.16445095427169687,0.07806779322678326,9.997298654739424,9.996760477644338,0.0005381770950858566,9.998686348893669,-0.0013360918276534583,-5.160232659109812e-05,0.018283467108835216,-0.0016535842864355693,1,3.8666666666666667,4.166666666666667,113.58166666666666,111.48433333333332,0.12,0.08,0.48661290322580647,1.0016129032258065,4530.41015625,4766.18017578125,25.37290327010616,19.274375021457672,0.000317492458782111,0.0046313832914527606,-0.002547986271335234,0.01715755162822097,0.01881280777867156,0.016685716370180126,-0.049467290542075215,0.10647379538196211,0.3164060179310173,0.05387441295876805,-0.004313890832670649,0.004003848662727391,-0.2333333333333334,0.65,-0.2745161290322581,0,0.0,1.9808065660538219
2022-09-30,22125.625,3.533333333333333,116.98599999999999,2.19,-0.28109375,3585.6201171875,24.731250047683716,0.007218995545372753,-0.05277139198948255,-0.0958721798316925,10.004491718064717,10.003583466673845,0.0009082513908715839,10.00506230089293,-0.0005653956588056882,-5.187169408184342e-06,0.011479213199798055,0.0007706961688477702,0,3.6333333333333333,3.8666666666666667,115.65833333333335,113.58166666666666,0.77,0.12,0.2120967741935484,0.48661290322580647,3785.3798828125,4530.41015625,27.353709836159982,25.37290327010616,-0.0013360918276534583,0.000317492458782111,0.0015654700217164752,-0.002547986271335234,0.018283467108835216,0.01881280777867156,-0.16445095427169687,-0.049467290542075215,0.07806779322678326,0.3164060179310173,-0.0016535842864355693,-0.004313890832670649,-0.10000000000000009,1.42,-0.49319052419354836,1,0.0,-2.6224597884762666
2022-12-31,22278.345,3.5666666666666664,118.17566666666666,3.653333333333333,-0.5606557377049181,3839.5,25.07539691622295,0.0069024038868958915,0.07080501406034023,0.013915465974250862,10.01137040941504,10.010438626999399,0.0009317824156411803,10.01175556705514,-0.0003784323609657808,-6.725279133939501e-06,0.010169308008365574,0.00018696329783990737,0,3.533333333333333,3.6333333333333333,116.98599999999999,115.65833333333335,2.19,0.77,-0.28109375,0.2120967741935484,3585.6201171875,3785.3798828125,24.731250047683716,27.353709836159982,-0.0005653956588056882,-0.0013360918276534583,0.007218995545372753,0.0015654700217164752,0.011479213199798055,0.018283467108835216,-0.05277139198948255,-0.16445095427169687,-0.0958721798316925,0.07806779322678326,0.0007706961688477702,-0.0016535842864355693,0.033333333333333215,1.463333333333333,-0.2795619877049181,1,1.0,0.3441468685392337
2023-03-31,22439.607,3.533333333333333,119.30833333333334,4.516666666666667,-0.6964516129032258,4109.31005859375,20.6945161819458,0.00723850896464695,0.07027218611635622,-0.17470833059646862,10.018582846114288,10.017314324912132,0.0012685212021565917,10.01885888215801,-0.00027836269976627605,2.3266560441040016e-06,0.009584601454896369,0.00010006966119950476,0,3.5666666666666664,3.533333333333333,118.17566666666666,116.98599999999999,3.653333333333333,2.19,-0.5606557377049181,-0.28109375,3839.5,3585.6201171875,25.07539691622295,24.731250047683716,-0.0003784323609657808,-0.0005653956588056882,0.0069024038868958915,0.007218995545372753,0.010169308008365574,0.011479213199798055,0.07080501406034023,-0.05277139198948255,0.013915465974250862,-0.0958721798316925,0.00018696329783990737,0.0007706961688477702,-0.033333333333333215,0.8633333333333337,-0.13579587519830771,1,1.0,-4.380880734277149
2023-06-30,22580.499,3.533333333333333,120.19,4.989999999999999,-0.6685714285714285,4450.3798828125,16.46112900395547,0.006278719587201387,0.08299929169508036,-0.20456565114982483,10.024841936662304,10.024199509067188,0.000642427595115791,10.025823594203706,-0.0009377571687942981,-4.390037260781638e-05,0.007389816302297847,-0.000659394469028022,1,3.533333333333333,3.5666666666666664,119.30833333333334,118.17566666666666,4.516666666666667,3.653333333333333,-0.6964516129032258,-0.5606557377049181,4109.31005859375,3839.5,20.6945161819458,25.07539691622295,-0.00027836269976627605,-0.0003784323609657808,0.00723850896464695,0.0069024038868958915,0.009584601454896369,0.010169308008365574,0.07027218611635622,0.07080501406034023,-0.17470833059646862,0.013915465974250862,0.00010006966119950476,0.00018696329783990737,0.0,0.4733333333333327,0.027880184331797286,1,1.0,-4.2333871779903305
2023-09-30,22840.989,3.6333333333333333,120.99866666666667,5.260000000000001,-0.766984126984127,4288.0498046875,15.05301583002484,0.011536060385556546,-0.03647555543559855,-0.08554171306186065,10.036311964058395,10.031083920945463,0.005228043112932568,10.03544796623908,0.0008345702015563237,2.9427617759574453e-05,0.006728235848795006,0.0017723273703506219,1,3.533333333333333,3.533333333333333,120.19,119.30833333333334,4.989999999999999,4.516666666666667,-0.6685714285714285,-0.6964516129032258,4450.3798828125,4109.31005859375,16.46112900395547,20.6945161819458,-0.0009377571687942981,-0.00027836269976627605,0.006278719587201387,0.00723850896464695,0.007389816302297847,0.009584601454896369,0.08299929169508036,0.07027218611635622,-0.20456565114982483,-0.17470833059646862,-0.000659394469028022,0.00010006966119950476,0.10000000000000009,0.27000000000000135,-0.09841269841269851,1,1.0,-1.40811317393063
2023-12-31,23033.78,3.8000000000000003,121.54566666666666,5.33,-0.36080645161290326,4769.830078125,15.325714308118064,0.008440571465622604,0.11235416923349151,0.018115870013854396,10.044717113084864,10.0379577035451,0.006759409539764505,10.04329043831323,0.0013705636093807546,5.611116225374057e-05,0.00452071097202178,0.0005359934078244309,0,3.6333333333333333,3.533333333333333,120.99866666666667,120.19,5.260000000000001,4.989999999999999,-0.766984126984127,-0.6685714285714285,4288.0498046875,4450.3798828125,15.05301583002484,16.46112900395547,0.0008345702015563237,-0.0009377571687942981,0.011536060385556546,0.006278719587201387,0.006728235848795006,0.007389816302297847,-0.03647555543559855,0.08299929169508036,-0.08554171306186065,-0.20456565114982483,0.0017723273703506219,-0.000659394469028022,0.16666666666666696,0.0699999999999994,0.40617767537122373,1,1.0,0.2726984780932238
2024-03-31,23082.119,3.8333333333333335,122.622,5.33,-0.3259016393442623,5254.35009765625,13.703770512440165,0.002098613427756968,0.10158014260367798,-0.10583153013747304,10.04681352749951,10.044814267391198,0.001999260108311418,10.04773446817177,-0.0008686145156144049,-5.232615664637892e-05,0.008855382202025641,-0.0022391781249951597,1,3.8000000000000003,3.6333333333333333,121.54566666666666,120.99866666666667,5.33,5.260000000000001,-0.36080645161290326,-0.766984126984127,4769.830078125,4288.0498046875,15.325714308118064,15.05301583002484,0.0013705636093807546,0.0008345702015563237,0.008440571465622604,0.011536060385556546,0.00452071097202178,0.006728235848795006,0.11235416923349151,-0.03647555543559855,0.018115870013854396,-0.08554171306186065,0.0005359934078244309,0.0017723273703506219,0.033333333333333215,0.0,0.03490481226864095,1,1.0,-1.6219437956778986
2024-06-30,23286.508,3.9666666666666663,123.40933333333334,5.33,-0.3774603174603175,5460.47998046875,14.029841180831667,0.008854862935244512,0.039230328961986416,0.02379423006941761,10.055629416042246,10.051651247639816,0.003978168402429816,10.055346158100607,0.00027616885586730533,7.089085771886934e-06,0.006420816275491736,0.0011447833714817103,1,3.8333333333333335,3.8000000000000003,122.622,121.54566666666666,5.33,5.33,-0.3259016393442623,-0.36080645161290326,5254.35009765625,4769.830078125,13.703770512440165,15.325714308118064,-0.0008686145156144049,0.0013705636093807546,0.002098613427756968,0.008440571465622604,0.008855382202025641,0.00452071097202178,0.10158014260367798,0.11235416923349151,-0.10583153013747304,0.018115870013854396,-0.0022391781249951597,0.0005359934078244309,0.13333333333333286,0.0,-0.05155867811605519,1,1.0,0.3260706683915018
2024-09-30,23478.57,4.166666666666667,123.92966666666666,5.263333333333333,-0.0859375,5762.47998046875,17.165468707680702,0.00824778021676753,0.05530649339988525,0.2234970080155363,10.063843369191295,10.058467528984584,0.005375840206710336,10.062527362289163,0.001277452115228848,3.855478690255776e-05,0.0042163207536976,0.0010012832593615426,0,3.9666666666666663,3.8333333333333335,123.40933333333334,122.622,5.33,5.33,-0.3774603174603175,-0.3259016393442623,5460.47998046875,5254.35009765625,14.029841180831667,13.703770512440165,0.00027616885586730533,-0.0008686145156144049,0.008854862935244512,0.002098613427756968,0.006420816275491736,0.008855382202025641,0.039230328961986416,0.10158014260367798,0.02379423006941761,-0.10583153013747304,0.0011447833714817103,-0.0022391781249951597,0.20000000000000062,-0.06666666666666732,0.2915228174603175,1,1.0,3.135627526849035
2024-12-31,23586.542,4.133333333333333,124.70333333333333,4.6499999999999995,0.13,5881.6298828125,17.41734381020069,0.004598746857240599,0.020676844474530887,0.01467336003515518,10.068431574119625,10.065264482474387,0.003167091645238429,10.06737235631599,0.0010082930978405184,5.092470579386404e-05,0.006242788248173037,-0.00026915901738832964,0,4.166666666666667,3.9666666666666663,123.92966666666666,123.40933333333334,5.263333333333333,5.33,-0.0859375,-0.3774603174603175,5762.47998046875,5460.47998046875,17.165468707680702,14.029841180831667,0.001277452115228848,0.00027616885586730533,0.00824778021676753,0.008854862935244512,0.0042163207536976,0.006420816275491736,0.05530649339988525,0.039230328961986416,0.2234970080155363,0.02379423006941761,0.0010012832593615426,0.0011447833714817103,-0.0333333333333341,-0.6133333333333333,0.2159375,0,1.0,0.251875102519989
2025-03-31,23548.21,4.133333333333334,125.75966666666666,4.33,0.3049180327868853,5611.85009765625,18.626333491007486,-0.0016251640448184945,-0.04586820159231875,0.06941297674211011,10.066805088063203,10.072046839058238,-0.005241750995034877,10.06913280697394,-0.0022315673834147195,-9.615152732174535e-05,0.00847077062895929,-0.0032398604812552377,1,4.133333333333333,4.166666666666667,124.70333333333333,123.92966666666666,4.6499999999999995,5.263333333333333,0.13,-0.0859375,5881.6298828125,5762.47998046875,17.41734381020069,17.165468707680702,0.0010082930978405184,0.001277452115228848,0.004598746857240599,0.00824778021676753,0.006242788248173037,0.0042163207536976,0.020676844474530887,0.05530649339988525,0.01467336003515518,0.2234970080155363,-0.00026915901738832964,0.0010012832593615426,8.881784197001252e-16,-0.3199999999999994,0.17491803278688528,0,0.0,1.2089896808067948
2025-06-30,23770.976,4.2,126.42433333333334,4.33,0.5,6204.9501953125,23.632096875098444,0.009459997171759493,0.10568708845304942,0.26874657787629896,10.07622061967116,10.078821309117437,-0.0026006894462771157,10.07671562162052,-0.0004809792451799973,-1.4022704180587737e-05,0.005285213330188165,0.0017505881382347223,1,4.133333333333334,4.133333333333333,125.75966666666666,124.70333333333333,4.33,4.6499999999999995,0.3049180327868853,0.13,5611.85009765625,5881.6298828125,18.626333491007486,17.41734381020069,-0.0022315673834147195,0.0010082930978405184,-0.0016251640448184945,0.004598746857240599,0.00847077062895929,0.006242788248173037,-0.04586820159231875,0.020676844474530887,0.06941297674211011,0.01467336003515518,-0.0032398604812552377,-0.00026915901738832964,0.06666666666666643,0.0,0.19508196721311472,0,0.0,5.005763384090958
2025-09-30,24026.834,4.333333333333333,127.29266666666666,4.293333333333333,0.5403125,6688.4599609375,15.957499966025352,0.010763462131298196,0.07792323071187024,-0.32475310801387025,10.086926568073764,10.0855913269389,0.0013352411348641624,10.085147484445468,0.0016991411913568988,7.99424369393642e-05,0.006868403498271558,0.0021801204365368963,0,4.2,4.133333333333334,126.42433333333334,125.75966666666666,4.33,4.33,0.5,0.3049180327868853,6204.9501953125,5611.85009765625,23.632096875098444,18.626333491007486,-0.0004809792451799973,-0.0022315673834147195,0.009459997171759493,-0.0016251640448184945,0.005285213330188165,0.00847077062895929,0.10568708845304942,-0.04586820159231875,0.26874657787629896,0.06941297674211011,0.0017505881382347223,-0.0032398604812552377,0.13333333333333286,-0.03666666666666707,0.04031249999999997,0,0.0,-7.674596909073092
2025-12-31,24055.749,4.45,128.19966666666664,3.8966666666666665,0.5775806451612904,6896.240234375,17.798095309545122,0.0012034461136245511,0.031065488116994944,0.1153435906275122,10.088129290626568,10.092358701378647,-0.0042294107520781665,10.088738002042263,-0.0005695123124409181,-3.91991032531562e-05,0.0071253122725056794,-0.0022686535037978166,0,4.333333333333333,4.2,127.29266666666666,126.42433333333334,4.293333333333333,4.33,0.5403125,0.5,6688.4599609375,6204.9501953125,15.957499966025352,23.632096875098444,0.0016991411913568988,-0.0004809792451799973,0.010763462131298196,0.009459997171759493,0.006868403498271558,0.005285213330188165,0.07792323071187024,0.10568708845304942,-0.32475310801387025,0.26874657787629896,0.0021801204365368963,0.0017505881382347223,0.11666666666666714,-0.3966666666666665,0.0372681451612904,0,0.0,1.8405953435197695
